,Iq,If,It,Isp,Is,mean_irradiance,mean_shading,cluster,row,col
0,0.601085912514163,0.35826940486968123,76.2576064908722,0.7988948968465618,0.23077852501789375,345.2163303942156,0.23170592378136337,1,23,20
1,0.6440960427711604,0.349716491161195,72.59643916913947,0.8136754692811269,0.20883745258422895,343.4817752539505,0.2287042143497785,1,27,14
2,0.5075368809002861,0.3986515461952637,101.53519417475728,0.7792762530536594,0.20296217408260805,350.1672360683059,0.20111704867740215,1,27,26
3,0.6418476567095031,0.34885881736312957,74.10425101214575,0.810162399129226,0.2060926806725378,341.3475968120931,0.22968897181610368,1,28,14
4,0.5021599062115402,0.3969123743269643,99.5221027479092,0.7763429381789583,0.20184378873378286,347.3876539719183,0.20453037861804682,1,28,26
5,0.6432625058111209,0.3494305998951732,72.03831041257368,0.8059607896696339,0.21921286750643307,336.93792715815925,0.23762782910536367,1,29,14
6,0.5020338322051203,0.3969361985991328,95.97350230414746,0.7699653852703041,0.21329049915162648,343.7481532795964,0.2099750607894275,1,29,26
7,0.6390555768889808,0.35595845046933816,74.77977977977977,0.7877637885314982,0.2310099079703907,333.0653989364324,0.2417715745338629,1,30,14
8,0.5003078492608043,0.40255872683089533,96.77548682703322,0.7525294371860403,0.22777440127605125,338.91545660632596,0.2178060729441869,1,30,26
9,0.6432632734384678,0.35464811550007147,72.19204655674103,0.8145210366687973,0.2423257378405754,339.88224079349186,0.2483650393949332,1,38,20
10,0.6770681239070253,0.34614285033592224,79.30676855895196,0.8364247962264906,0.20022654074908308,348.684149685522,0.2168756968456799,1,42,14
11,0.5202120099149098,0.3968647257826273,106.23724489795919,0.7959731473804057,0.19390730630215663,355.11765990393667,0.19084281462646943,1,42,26
12,0.6780261389876011,0.34333158622004095,78.66266375545851,0.8365934316930537,0.18869396141706601,350.852842694012,0.21105972192700387,1,43,14
13,0.5189505580438031,0.39593557916805644,104.65365239294711,0.7944178446753775,0.18167518360473064,356.80773707768424,0.18607926413672893,1,43,26
14,0.6866578971948002,0.3397102968504312,78.26015367727771,0.8344504019787584,0.19445776020031397,350.62704059893076,0.2146471843806218,1,44,14
15,0.5256350425427757,0.3954352694525182,105.18377693282636,0.7917504313925806,0.18273007448176948,357.56098386481307,0.18584135399907226,1,44,26
16,0.6813834664146181,0.344903988183161,82.82036613272311,0.8240707226542204,0.20311944834534573,352.97359004139184,0.2097327634429542,1,45,14
17,0.527998791444499,0.3978653452137037,109.29319371727749,0.7893589186029475,0.19725623924063207,357.711315497217,0.18870017534679295,1,45,26
18,0.6411493768039704,0.3518130271120217,75.57318321392016,0.8331041454431417,0.23627386143893322,342.2312214758858,0.24076864418055166,1,53,20
19,0.6536384344285632,0.3466669843236289,75.00515463917526,0.8142998866674469,0.2147228341922628,342.68803260818186,0.23067299098682018,1,57,14
20,0.5130876605242463,0.39724591413732313,100.9322033898305,0.7800533746455557,0.20490038671785687,350.0409163491624,0.20160485514084367,1,57,26
21,0.6539347147884385,0.34478486682231857,75.7696335078534,0.8188758161389574,0.20900933923030066,340.7185267487477,0.23140576560944023,1,58,14
22,0.507682582514322,0.3962691189784152,100.44082125603865,0.7811112502535187,0.20461286349189395,347.17639112464695,0.20537127275902003,1,58,26
23,0.6552290831403259,0.345642540620384,73.86965376782078,0.8214658410686163,0.22447367077768315,336.4345535395777,0.2392319585727266,1,59,14
24,0.5068356254406967,0.3967456044217849,97.27219626168224,0.7775827076006742,0.2179213267085299,343.37789554695206,0.2114754147765277,1,59,26
25,0.6521202346094087,0.35178920283985327,75.33673469387755,0.8082565924758645,0.23574423015920287,332.63074361438,0.24343295836232373,1,60,14
26,0.5052246369205466,0.40382141325582505,97.75086505190312,0.7629257995183084,0.23223631772994616,338.61996265976046,0.2191497070502106,1,60,26
27,0.6017128781913591,0.3617715728784486,71.29107981220658,0.800036197226854,0.23302736256020418,342.3784138384986,0.24089179705560887,1,68,20
28,0.5959227997506463,0.35857912040787154,81.53304442036837,0.7938484613978587,0.1952736322086573,353.01767247621996,0.2046740213425848,1,72,14
29,0.48326330983816895,0.40575117930147236,113.69158878504673,0.7631991726170116,0.19786124242650957,358.0796548750266,0.1832755650221191,1,72,26
30,0.5843853367291055,0.3588411874017249,82.94052863436123,0.7903586823508478,0.18517119456784428,356.0570641406916,0.19636374288825384,1,73,14
31,0.4723756105138204,0.4082289036069948,115.30955585464334,0.758370968981817,0.1882885408676771,360.47860753037145,0.17699610045765454,1,73,26
32,0.5855246738408886,0.36017534664316003,86.1915621436716,0.7852284836236862,0.19364991809380236,356.6014055777145,0.19844397692971288,1,74,14
33,0.466995280505384,0.41282698813551244,119.33884297520662,0.7497001825020138,0.19035168557031487,362.48942873986414,0.1737712583024074,1,74,26
34,0.5727239071704561,0.3657740506027541,89.26162790697674,0.7770375100374938,0.20041940738952752,359.7085998619226,0.1925533255596877,1,75,14
35,0.4603311516843693,0.41702006003716585,122.57703081232494,0.7421264825069142,0.20464390523112003,363.8604609126856,0.17413410560525386,1,75,26
36,0.6476235803193233,0.3487635202744556,71.13216715257532,0.8291969047011986,0.23651924977138386,347.72814559079166,0.23551683760400555,2,23,15
37,0.6384276635824208,0.3553866679372945,71.78537054860443,0.82641904301297,0.2053025166710626,348.65963412683226,0.22100037135417855,2,24,15
38,0.6389910010030504,0.3507409348644399,64.6268656716418,0.7712076550624642,0.28280984643583695,328.5713509121194,0.2807655319184094,2,29,21
39,0.6569359135130226,0.3419974269786058,66.95429104477611,0.7523574964653178,0.28081002537924843,329.32780299670753,0.2798887236296307,2,30,9
40,0.628623901379334,0.3638681088292753,74.79431929480901,0.7587899668541125,0.2582636923265461,331.3054383734013,0.25851140734548167,2,30,21
41,0.6592753223497375,0.3424739124219755,66.98508853681267,0.8177025318734298,0.24418347588095488,332.5782066674933,0.2575731793037509,2,31,9
42,0.633705046383295,0.3641301758231286,78.70236869207002,0.8015343539929047,0.22345253804441842,334.2294853372038,0.2381390090810738,2,31,21
43,0.6812871725807849,0.3463810930576071,68.64494806421152,0.8173517572185218,0.24714092297594065,341.59847978734456,0.24519570975509242,2,38,15
44,0.6781539363327358,0.348930290179635,73.23,0.8201554532457516,0.21149235309664807,346.30015712626323,0.2229394379314456,2,39,15
45,0.6672759498826051,0.3439033687520846,69.26583493282149,0.8202737584773115,0.27613168643986646,341.68921176647535,0.2644837956803403,2,44,21
46,0.6416617350433824,0.3565064087292133,75.27162977867204,0.7841418547776201,0.25453302277582773,349.6158013045192,0.24569251957002483,2,45,9
47,0.6459669190930052,0.35934149711726304,79.88877118644068,0.8176045847069916,0.23968405037010335,350.71999870217996,0.22845446283993578,2,45,21
48,0.6356648062953916,0.36372516319626436,79.10362694300518,0.791604453215634,0.235516302166475,351.25308773254875,0.23232645262228838,2,46,9
49,0.6389800138041023,0.36439224281698196,82.05472103004291,0.8168201433060238,0.220261692639157,351.3873613979771,0.21843045727309,2,46,21
50,0.6242538401706275,0.36289131367036737,84.06181015452539,0.7957249105000683,0.20920228688010445,357.1505066595264,0.20224293393543655,2,47,9
51,0.6330621264394091,0.36050888645351886,81.18025751072962,0.8216486525125573,0.22036608984461573,349.35655433739606,0.21602336354251858,2,47,21
52,0.6779749440080702,0.34614285033592224,74.50769230769231,0.8212623118912085,0.24364361976250526,345.38442904598213,0.24177373469119665,2,53,15
53,0.6622446755687194,0.3534807261638157,78.41966173361523,0.8182964165698244,0.2140505068127816,346.8242463290394,0.2257448966937642,2,54,15
54,0.6533972614253645,0.3562681660075285,78.12957157784744,0.817110881767192,0.21879924170586182,345.8897077249378,0.21779365951432286,2,55,15
55,0.656438266506639,0.34888264163529803,69.0754716981132,0.7462432250766323,0.2835567851050154,329.10833938293115,0.28113939549177736,2,60,9
56,0.6297994135102091,0.3636775146519274,75.49455984174085,0.7590399136946092,0.2648124395672405,330.32597257118755,0.2621857396009688,2,60,21
57,0.6501520032492075,0.34974031543336354,69.04985888993414,0.8048835084445036,0.24528726299341372,332.5155945202712,0.2580688706588754,2,61,9
58,0.6302145010418084,0.3645828369943298,79.62018730489073,0.7962085820177044,0.2286965802687498,333.6203724210037,0.24054900868696497,2,61,21
59,0.6618286955137379,0.34125887454138276,70.07827788649706,0.8032931774361025,0.2469771306791951,342.81959387005077,0.2426964435099769,2,68,15
60,0.6528980193902489,0.3476914280268738,73.18956870611835,0.8036634225203968,0.2103781397257879,347.68090942755686,0.22021384286164059,2,69,15
61,0.6214865340901748,0.3500023824272169,68.33023255813953,0.8225244315889427,0.26715884810250123,345.7475266308163,0.25410272762201963,2,74,21
62,0.5883807876863539,0.3638204602849383,74.71135029354207,0.7859236581983348,0.2450924301829796,353.87483019687613,0.2346118496874071,2,75,9
63,0.5989682617487565,0.3658455234192595,79.4824016563147,0.8221602662640265,0.22992599865693725,354.9318573389801,0.21799766158739203,2,75,21
64,0.580302967282276,0.37177776718921235,80.68769389865564,0.7878274745379862,0.2232652746722961,355.58862275385695,0.22116717777021835,2,76,9
65,0.5969650444109151,0.3672035069328632,82.1588486140725,0.8169867093645059,0.21002808740344456,355.77292141157625,0.20784591590870916,2,76,21
66,0.5663912412663039,0.37556582646400155,88.46240179573513,0.7820079175792785,0.19527095564941727,361.6536222464516,0.19076621599590365,2,77,9
67,0.5957260233524334,0.36241482822699767,81.52197213290461,0.8108961057086937,0.20574195898903794,354.0326234747781,0.20500208185997265,2,77,21
68,0.6806227383906919,0.3193881926907133,63.47537878787879,0.8183292880533967,0.2482221397360579,314.01965327870187,0.27552225909956446,3,25,18
69,0.6275068794155074,0.34721494258350405,75.98540145985402,0.8027134234777076,0.22512174054418113,332.0110124351743,0.23352714746523215,3,25,19
70,0.708173597894947,0.30009053223424026,55.48898678414097,0.8487742004178864,0.29150347007267075,301.5801478372806,0.3159002949357362,3,26,18
71,0.7388944728087484,0.30647543717539427,58.31368993653672,0.834562553269051,0.2519160676983115,308.6351176807049,0.28403959841613513,3,33,12
72,0.6581195901042259,0.3389479201410397,69.53567937438905,0.8214706094822837,0.24417960613751985,311.2130379325787,0.27156924581851477,3,33,24
73,0.7307960155341781,0.3172440081955496,65.53149606299213,0.8514552282157469,0.25812706853449247,311.7165657985699,0.281743655606556,3,40,18
74,0.6836932481985432,0.34190212988993185,76.5795090715048,0.8288446254252227,0.23650229170654233,329.9497462766447,0.241574529572607,3,40,19
75,0.7465646395374516,0.30283032353361605,57.41192411924119,0.8785284482622386,0.2975848368141718,300.89467782939795,0.3182060651127676,3,41,18
76,0.6921838844036231,0.3361604802973269,69.78239366963403,0.84304665431619,0.254890728173898,328.05573807210607,0.2563009161442631,3,41,19
77,0.7416180265463994,0.32403392576356793,70.25309917355372,0.8382012242534653,0.22935603591752834,322.1521463810154,0.25107187049727114,3,47,12
78,0.6400806433213243,0.35128889312431505,83.49377123442808,0.8148805929521273,0.2198398388938115,326.1959326017618,0.23344133995356336,3,47,24
79,0.7521927914144166,0.31317005765473865,62.00471698113208,0.8684911170984688,0.265537165554696,312.03033699736216,0.28469238229172017,3,48,12
80,0.7176628813358791,0.3266545957021013,72.39176346356916,0.8419916499067555,0.23248819488775102,333.25576289190326,0.23818019455818268,3,48,13
81,0.661487664467086,0.337589936627436,73.11661506707947,0.8431649561321409,0.2512289455798277,316.79009537379136,0.26473514284988864,3,48,24
82,0.7196524138077554,0.31717253537904416,63.455672068636794,0.8438890982887959,0.2504941071823272,312.23597266818103,0.2809930344879634,3,55,18
83,0.6597324677080602,0.3444036784676228,75.05711318795431,0.82585873815283,0.22370417457405645,330.94685842762306,0.23658009746887398,3,55,19
84,0.73556563927535,0.298851670081479,55.701598579040855,0.8681627903804203,0.29557912459685215,300.09134224486155,0.32067516911541943,3,56,18
85,0.6619927083489867,0.34161623862391005,69.3375241779497,0.8389180177222186,0.25117485989105937,326.88717264469307,0.2564988032041853,3,56,19
86,0.7542835063327252,0.30568923619383426,59.2382271468144,0.8416882317855834,0.252985884922742,308.7699484212064,0.2845440423173502,3,63,12
87,0.6490266085462774,0.3404012007433173,70.59288537549408,0.8193526475237879,0.24282639711503176,311.99860491065743,0.2690607520148252,3,63,24
88,0.6829483434395226,0.3196502596845666,68.45408163265306,0.8241859009352793,0.23939749161287988,317.74901655817814,0.262865718510976,3,69,18
89,0.6985012920040763,0.31464716252918473,64.17395529640427,0.8442074429101469,0.25409984265375396,313.5018959855083,0.27707611941913346,3,70,18
90,0.6459993338061895,0.34304569495401915,73.76536885245902,0.8278050396724663,0.2279471126183001,331.9783782342535,0.23604393674525903,3,70,19
91,0.7160270496767936,0.29851813027112023,57.21461187214612,0.8676011881268072,0.29239041582134623,302.3175669921789,0.3151628551707731,3,71,18
92,0.6535316222613058,0.3352075094105875,68.5672514619883,0.8445686623624096,0.24548688103821228,330.11209990648945,0.2510579701352438,3,71,19
93,0.6366206552280677,0.34321246485919854,72.97872340425532,0.7914530213980645,0.21866590142626427,332.7086813767429,0.22691780177627952,3,77,12
94,0.6036355543916262,0.35600609901367514,77.90928050052138,0.7684135819606437,0.21591661092077624,345.55561715304214,0.20289283647646597,3,77,13
95,0.5691776009440371,0.37046743221994566,88.15192743764172,0.7652298123138953,0.21109315697338976,336.49443528661095,0.2087839767313403,3,77,24
96,0.5095845016088847,0.3904798208414733,102.3096129837703,0.7263464360158465,0.20128023500372264,352.655839741083,0.17272114058420848,3,77,25
97,0.6697776206562922,0.31347977319292897,56.56921754084265,0.8589394368744019,0.2978780675891103,305.36367393042946,0.30517386816672204,4,24,23
98,0.7176625195705294,0.31376566445895077,63.932038834951456,0.844132359797295,0.2584035052628196,317.4081973033099,0.2665918611984115,4,25,11
99,0.7041085255761214,0.3161480916757993,65.56324110671937,0.8334673084489637,0.22836297654240367,319.2196162144509,0.2573473465247098,4,25,12
100,0.6444931830911306,0.3420212512507743,70.30362389813908,0.7999219969651995,0.22608022263393704,331.2316175933734,0.22813148331796482,4,25,22
101,0.6580369075300887,0.32627340734740556,65.71497120921305,0.8357751810370807,0.26032135419969427,316.154811337193,0.26718203525293627,4,25,23
102,0.6253537740349701,0.34275980368799736,76.20233050847457,0.8041604961546737,0.22556504931019944,323.34874161305123,0.2397483733150147,4,25,24
103,0.6638516057300363,0.3248677752894649,67.17241379310344,0.8151519603381058,0.2485693168533533,317.93969479840246,0.26033293457207896,4,26,23
104,0.7248660676660679,0.3239148044027255,65.36538461538461,0.8375789643744594,0.2460880946241663,314.0544627229469,0.2663625703616944,4,33,17
105,0.69666242322096,0.34626197169676465,70.89756097560975,0.8245442212693272,0.2303653969439784,334.93387238340387,0.2288989700788937,4,40,10
106,0.7333220589034295,0.3276552151331777,65.49047619047619,0.8405874148558733,0.250196308994149,320.1304034279069,0.26146782910037014,4,40,11
107,0.7249124379928508,0.32091294610949633,65.8357771260997,0.8258492779261729,0.22200271095779633,320.7193465462282,0.2558431874830908,4,40,12
108,0.6516288574499787,0.3539333873350169,74.87903225806451,0.8199082268427706,0.23424212700226849,331.1326322962991,0.23348263108368883,4,40,22
109,0.6588906166763432,0.341759184256921,68.30952380952381,0.817104534983048,0.24778199419195365,318.9921018145521,0.2616247936720781,4,40,23
110,0.6285027365354704,0.3519083242006957,77.9883843717001,0.7792501695425519,0.21094434637514825,326.1639209958882,0.23363213213034234,4,40,24
111,0.6595377786377095,0.34626197169676465,73.85162601626017,0.8117610289631267,0.2335777698917119,322.81552969007095,0.2492948384318707,4,41,23
112,0.726575622437934,0.3155286605994187,59.8193315266486,0.8700032008385472,0.27717048031709884,310.25343359213855,0.29312732806866915,4,47,17
113,0.7162722013250944,0.3257969219040358,68.58074222668004,0.8560645324534015,0.25182067338513775,318.9286396829168,0.26378199767777616,4,48,17
114,0.6822800220700395,0.3124315052175156,56.623488773747845,0.8696357623118405,0.29664364971318996,304.44791644923293,0.3077313268949719,4,54,23
115,0.7255324505865234,0.3203173393052842,64.08484270734033,0.8496976903326894,0.2596037151163588,317.1492017316279,0.2668855534005149,4,55,11
116,0.715968824642903,0.3186258159813218,68.51434426229508,0.8319779929014401,0.23364374788672004,318.4658591664235,0.2590137321205426,4,55,12
117,0.659628167175474,0.33932910849573544,69.75024485798237,0.8131711772942891,0.22737003973826622,330.03773491937903,0.2318512439184542,4,55,22
118,0.6714560777094203,0.32577309763186735,65.61420345489444,0.8458872040302531,0.2600998329861793,315.26695282545865,0.2698645688889625,4,55,23
119,0.6365188391582723,0.3390670415018821,76.43394199785178,0.8114213274398044,0.22667367736442165,322.5363195311245,0.24207974838276095,4,55,24
120,0.6736782395190974,0.3237480344975461,66.875,0.8251985503099304,0.24917326058216904,317.2077772060349,0.262634289028899,4,56,23
121,0.7054402224729616,0.32362891313670367,65.05747126436782,0.8176860847090064,0.24482906456058529,314.68515266905376,0.26428390357283293,4,63,17
122,0.6309551927650949,0.3365416686520227,61.57802964254577,0.8101036194470329,0.28889880458082956,309.8203966788846,0.29404702583410725,4,69,23
123,0.6284687732953431,0.3556249106589794,72.81463414634146,0.7951337803601931,0.22815099754628962,337.77295291082993,0.22127051076326157,4,70,10
124,0.6473742711683957,0.3387811502358603,67.52136752136752,0.8026392995423742,0.2467075358486141,323.0830023569652,0.2528678691381611,4,70,11
125,0.6459560658321643,0.33480249678372326,69.15846456692914,0.7798421818146704,0.21707135495796054,323.9464328786723,0.2459545538492741,4,70,12
126,0.6008588831950024,0.36922857006718446,80.55093555093555,0.7839521179076436,0.2348095251159838,334.7724774097563,0.22290885134345162,4,70,22
127,0.6096359848530374,0.35433839996188116,73.9950248756219,0.7797031478155905,0.2519331519980045,321.9908782941589,0.2532654117958686,4,70,23
128,0.5835855557262565,0.36479725544384617,84.78405315614619,0.748624736872758,0.2164896498426979,328.57246308844526,0.2272240766789514,4,70,24
129,0.6034284671541477,0.36008004955448614,80.9967845659164,0.7612785860594865,0.2365187127096974,326.62104679609473,0.2387500866296702,4,71,23
130,0.6430569108075858,0.33251536665554865,64.67562557924003,0.8212692812936225,0.27023981170988975,317.2917428202613,0.2755877926656116,4,77,17
