date;Ray_PAR_APV_1;Ray_PAR_Diffus_Control;Ray_PAR_Control;Tracking_angles_alpha;Tracking_mode;Type_day
01/10/2023 00:00;0;0;0;0;FLAT;100_Clear_Ref
01/10/2023 00:10;0;0;0;0;FLAT;100_Clear_Ref
01/10/2023 00:20;0;0;0;0;FLAT;100_Clear_Ref
01/10/2023 00:30;0;0;0;0;FLAT;100_Clear_Ref
01/10/2023 00:40;0;0;0;0;FLAT;100_Clear_Ref
01/10/2023 00:50;0;0;0;0;FLAT;100_Clear_Ref
01/10/2023 01:00;0;0;0;0;FLAT;100_Clear_Ref
01/10/2023 01:10;0;0;0;0;FLAT;100_Clear_Ref
01/10/2023 01:20;0;0;0;0;FLAT;100_Clear_Ref
01/10/2023 01:30;0;0;0;0;FLAT;100_Clear_Ref
01/10/2023 01:40;0;0;0;0;FLAT;100_Clear_Ref
01/10/2023 01:50;0;0;0;0;FLAT;100_Clear_Ref
01/10/2023 02:00;0;0;0;0;FLAT;100_Clear_Ref
01/10/2023 02:10;0;0;0;0;FLAT;100_Clear_Ref
01/10/2023 02:20;0;0;0;0;FLAT;100_Clear_Ref
01/10/2023 02:30;0;0;0;0;FLAT;100_Clear_Ref
01/10/2023 02:40;0;0;0;0;FLAT;100_Clear_Ref
01/10/2023 02:50;0;0;0;0;FLAT;100_Clear_Ref
01/10/2023 03:00;0;0;0;0;FLAT;100_Clear_Ref
01/10/2023 03:10;0;0;0;0;FLAT;100_Clear_Ref
01/10/2023 03:20;0;0;0;0;FLAT;100_Clear_Ref
01/10/2023 03:30;0;0;0;0;FLAT;100_Clear_Ref
01/10/2023 03:40;0;0;0;0;FLAT;100_Clear_Ref
01/10/2023 03:50;0;0;0;0;FLAT;100_Clear_Ref
01/10/2023 04:00;0;0;0;0;FLAT;100_Clear_Ref
01/10/2023 04:10;0;0;0;0;FLAT;100_Clear_Ref
01/10/2023 04:20;0;0;0;0;FLAT;100_Clear_Ref
01/10/2023 04:30;0;0;0;0;FLAT;100_Clear_Ref
01/10/2023 04:40;0;0;0;0;FLAT;100_Clear_Ref
01/10/2023 04:50;0;0;0;0;FLAT;100_Clear_Ref
01/10/2023 05:00;0;0;0;0;FLAT;100_Clear_Ref
01/10/2023 05:10;0;0;0;0;FLAT;100_Clear_Ref
01/10/2023 05:20;0.2;0.2;0.2;0;FLAT;100_Clear_Ref
01/10/2023 05:30;1.2;2.3;2.3;0;FLAT;100_Clear_Ref
01/10/2023 05:40;4.4;7.9;7.9;0;FLAT;100_Clear_Ref
01/10/2023 05:50;10.4;18.8;18.8;0;FLAT;100_Clear_Ref
01/10/2023 06:00;19;34;34;0;FLAT;100_Clear_Ref
01/10/2023 06:10;32.9;56.2;58.5;0;FLAT;100_Clear_Ref
01/10/2023 06:20;45.2;75.6;102.1;0;FLAT;100_Clear_Ref
01/10/2023 06:30;72.7;91.5;139.6;0;FLAT;100_Clear_Ref
01/10/2023 06:40;153.3;107.5;189.6;0;FLAT;100_Clear_Ref
01/10/2023 06:50;196.2;120.2;235;0;FLAT;100_Clear_Ref
01/10/2023 07:00;241.2;130.6;282.1;0;FLAT;100_Clear_Ref
01/10/2023 07:10;286.5;139.8;331;0;FLAT;100_Clear_Ref
01/10/2023 07:20;333.5;147.5;381;0;FLAT;100_Clear_Ref
01/10/2023 07:30;376.5;152.5;429.6;0;FLAT;100_Clear_Ref
01/10/2023 07:40;120.6;147.9;300.2;0;FLAT;100_Clear_Ref
01/10/2023 07:50;94.2;157.9;502.3;0;FLAT;100_Clear_Ref
01/10/2023 08:00;96.7;158.5;580.6;0;FLAT;100_Clear_Ref
01/10/2023 08:10;98.3;159;632.7;0;FLAT;100_Clear_Ref
01/10/2023 08:20;100.6;160.4;681.2;0;FLAT;100_Clear_Ref
01/10/2023 08:30;103.1;162.9;728.8;0;FLAT;100_Clear_Ref
01/10/2023 08:40;104.8;165.6;769.2;0;FLAT;100_Clear_Ref
01/10/2023 08:50;106.2;168.3;813.5;0;FLAT;100_Clear_Ref
01/10/2023 09:00;108.3;171.5;858.8;0;FLAT;100_Clear_Ref
01/10/2023 09:10;617.1;175.6;901.5;0;FLAT;100_Clear_Ref
01/10/2023 09:20;834.8;181.2;917.7;0;FLAT;100_Clear_Ref
01/10/2023 09:30;868.1;187.9;969.6;0;FLAT;100_Clear_Ref
01/10/2023 09:40;900;198.3;1013.8;0;FLAT;100_Clear_Ref
01/10/2023 09:50;926.7;216.5;1048.1;0;FLAT;100_Clear_Ref
01/10/2023 10:00;932.5;246.3;1065.8;0;FLAT;100_Clear_Ref
01/10/2023 10:10;930.8;251.2;1064.8;0;FLAT;100_Clear_Ref
01/10/2023 10:20;958.5;267.5;1111.9;0;FLAT;100_Clear_Ref
01/10/2023 10:30;904.8;270.8;1066.2;0;FLAT;100_Clear_Ref
01/10/2023 10:40;896.2;286;1095.6;0;FLAT;100_Clear_Ref
01/10/2023 10:50;1002.3;287.3;1182.3;0;FLAT;100_Clear_Ref
01/10/2023 11:00;1008.8;271;1179.4;0;FLAT;100_Clear_Ref
01/10/2023 11:10;410;268.5;1188.1;0;FLAT;100_Clear_Ref
01/10/2023 11:20;127.3;275.6;1186.5;0;FLAT;100_Clear_Ref
01/10/2023 11:30;121.5;258.8;1160.6;0;FLAT;100_Clear_Ref
01/10/2023 11:40;121.7;249.4;1170.4;0;FLAT;100_Clear_Ref
01/10/2023 11:50;126.3;248.1;1209;0;FLAT;100_Clear_Ref
01/10/2023 12:00;134.4;267.7;1215.8;0;FLAT;100_Clear_Ref
01/10/2023 12:10;132.1;257.5;1227.5;0;FLAT;100_Clear_Ref
01/10/2023 12:20;120.6;234.2;1233.3;0;FLAT;100_Clear_Ref
01/10/2023 12:30;109;214.6;1230;0;FLAT;100_Clear_Ref
01/10/2023 12:40;447.1;215.2;1218.1;0;FLAT;100_Clear_Ref
01/10/2023 12:50;117.7;235.6;1166.2;0;FLAT;100_Clear_Ref
01/10/2023 13:00;117.7;235.8;1141;0;FLAT;100_Clear_Ref
01/10/2023 13:10;111.5;220.4;1055.4;0;FLAT;100_Clear_Ref
01/10/2023 13:20;106.5;241.9;1121.3;0;FLAT;100_Clear_Ref
01/10/2023 13:30;105.2;246.9;1097.7;0;FLAT;100_Clear_Ref
01/10/2023 13:40;101;238.3;1062.1;0;FLAT;100_Clear_Ref
01/10/2023 13:50;99.6;227.7;936.5;0;FLAT;100_Clear_Ref
01/10/2023 14:00;102.7;233.8;997.7;0;FLAT;100_Clear_Ref
01/10/2023 14:10;96.7;209;958.5;0;FLAT;100_Clear_Ref
01/10/2023 14:20;102.7;202.5;921;0;FLAT;100_Clear_Ref
01/10/2023 14:30;483.8;198.1;880;0;FLAT;100_Clear_Ref
01/10/2023 14:40;598.5;193.5;832.5;0;FLAT;100_Clear_Ref
01/10/2023 14:50;100.2;194;789.6;0;FLAT;100_Clear_Ref
01/10/2023 15:00;87.3;193.8;729;0;FLAT;100_Clear_Ref
01/10/2023 15:10;86.5;195.8;601.7;0;FLAT;100_Clear_Ref
01/10/2023 15:20;95.4;197.7;566.2;0;FLAT;100_Clear_Ref
01/10/2023 15:30;90.8;183.3;412.7;0;FLAT;100_Clear_Ref
01/10/2023 15:40;86.5;172.5;281;0;FLAT;100_Clear_Ref
01/10/2023 15:50;88.3;172.5;302.1;0;FLAT;100_Clear_Ref
01/10/2023 16:00;100.2;174.8;273.5;0;FLAT;100_Clear_Ref
01/10/2023 16:10;155.4;174.8;292.5;0;FLAT;100_Clear_Ref
01/10/2023 16:20;131.9;156.5;247.5;0;FLAT;100_Clear_Ref
01/10/2023 16:30;81.5;128.8;164.4;0;FLAT;100_Clear_Ref
01/10/2023 16:40;61.2;99.4;121.5;0;FLAT;100_Clear_Ref
01/10/2023 16:50;36.2;61.5;72.9;0;FLAT;100_Clear_Ref
01/10/2023 17:00;20.8;37.5;42.7;0;FLAT;100_Clear_Ref
01/10/2023 17:10;11.3;20.6;22.3;0;FLAT;100_Clear_Ref
01/10/2023 17:20;5;9.4;9.8;0;FLAT;100_Clear_Ref
01/10/2023 17:30;2.1;4;4;0;FLAT;100_Clear_Ref
01/10/2023 17:40;0.6;1;1;0;FLAT;100_Clear_Ref
01/10/2023 17:50;0;0.2;0.2;0;FLAT;100_Clear_Ref
01/10/2023 18:00;0;0;0;0;FLAT;100_Clear_Ref
01/10/2023 18:10;0;0;0;0;FLAT;100_Clear_Ref
01/10/2023 18:20;0;0;0;0;FLAT;100_Clear_Ref
01/10/2023 18:30;0;0;0;0;FLAT;100_Clear_Ref
01/10/2023 18:40;0;0;0;0;FLAT;100_Clear_Ref
01/10/2023 18:50;0;0;0;0;FLAT;100_Clear_Ref
01/10/2023 19:00;0;0;0;0;FLAT;100_Clear_Ref
01/10/2023 19:10;0;0;0;0;FLAT;100_Clear_Ref
01/10/2023 19:20;0;0;0;0;FLAT;100_Clear_Ref
01/10/2023 19:30;0;0;0;0;FLAT;100_Clear_Ref
01/10/2023 19:40;0;0;0;0;FLAT;100_Clear_Ref
01/10/2023 19:50;0;0;0;0;FLAT;100_Clear_Ref
01/10/2023 20:00;0;0;0;0;FLAT;100_Clear_Ref
01/10/2023 20:10;0;0;0;0;FLAT;100_Clear_Ref
01/10/2023 20:20;0;0;0;0;FLAT;100_Clear_Ref
01/10/2023 20:30;0;0;0;0;FLAT;100_Clear_Ref
01/10/2023 20:40;0;0;0;0;FLAT;100_Clear_Ref
01/10/2023 20:50;0;0;0;0;FLAT;100_Clear_Ref
01/10/2023 21:00;0;0;0;0;FLAT;100_Clear_Ref
01/10/2023 21:10;0;0;0;0;FLAT;100_Clear_Ref
01/10/2023 21:20;0;0;0;0;FLAT;100_Clear_Ref
01/10/2023 21:30;0;0;0;0;FLAT;100_Clear_Ref
01/10/2023 21:40;0;0;0;0;FLAT;100_Clear_Ref
01/10/2023 21:50;0;0;0;0;FLAT;100_Clear_Ref
01/10/2023 22:00;0;0;0;0;FLAT;100_Clear_Ref
01/10/2023 22:10;0;0;0;0;FLAT;100_Clear_Ref
01/10/2023 22:20;0;0;0;0;FLAT;100_Clear_Ref
01/10/2023 22:30;0;0;0;0;FLAT;100_Clear_Ref
01/10/2023 22:40;0;0;0;0;FLAT;100_Clear_Ref
01/10/2023 22:50;0;0;0;0;FLAT;100_Clear_Ref
01/10/2023 23:00;0;0;0;0;FLAT;100_Clear_Ref
01/10/2023 23:10;0;0;0;0;FLAT;100_Clear_Ref
01/10/2023 23:20;0;0;0;0;FLAT;100_Clear_Ref
01/10/2023 23:30;0;0;0;0;FLAT;100_Clear_Ref
01/10/2023 23:40;0;0;0;0;FLAT;100_Clear_Ref
01/10/2023 23:50;0;0;0;0;FLAT;100_Clear_Ref
18/08/2023 00:00;;0;0;1;ST;60_Diffus
18/08/2023 00:10;;0;0;1;ST;60_Diffus
18/08/2023 00:20;;0;0;1;ST;60_Diffus
18/08/2023 00:30;;0;0;1;ST;60_Diffus
18/08/2023 00:40;;0;0;1;ST;60_Diffus
18/08/2023 00:50;;0;0;1;ST;60_Diffus
18/08/2023 01:00;;0;0;1;ST;60_Diffus
18/08/2023 01:10;;0;0;1;ST;60_Diffus
18/08/2023 01:20;;0;0;1;ST;60_Diffus
18/08/2023 01:30;;0;0;1;ST;60_Diffus
18/08/2023 01:40;;0;0;1;ST;60_Diffus
18/08/2023 01:50;;0;0;1;ST;60_Diffus
18/08/2023 02:00;;0;0;1;ST;60_Diffus
18/08/2023 02:10;;0;0;1;ST;60_Diffus
18/08/2023 02:20;;0;0;1;ST;60_Diffus
18/08/2023 02:30;;0;0;1;ST;60_Diffus
18/08/2023 02:40;;0;0;1;ST;60_Diffus
18/08/2023 02:50;;0;0;1;ST;60_Diffus
18/08/2023 03:00;;0;0;1;ST;60_Diffus
18/08/2023 03:10;;0;0;1;ST;60_Diffus
18/08/2023 03:20;;0;0;1;ST;60_Diffus
18/08/2023 03:30;;0;0;1;ST;60_Diffus
18/08/2023 03:40;;0;0;1;ST;60_Diffus
18/08/2023 03:50;;0;0;1;ST;60_Diffus
18/08/2023 04:00;;0;0;1;ST;60_Diffus
18/08/2023 04:10;;0;0;1;ST;60_Diffus
18/08/2023 04:20;;0.4;0.4;1;ST;60_Diffus
18/08/2023 04:30;;2.7;2.7;1;ST;60_Diffus
18/08/2023 04:40;;8.8;8.8;1;ST;60_Diffus
18/08/2023 04:50;;21.2;21.2;1;ST;60_Diffus
18/08/2023 05:00;;41;41;1;ST;60_Diffus
18/08/2023 05:10;;63.8;66.9;1;ST;60_Diffus
18/08/2023 05:20;;95;108.3;1;ST;60_Diffus
18/08/2023 05:30;;117.7;147.3;1;ST;60_Diffus
18/08/2023 05:40;;146.7;194.8;1;ST;60_Diffus
18/08/2023 05:50;;201;273.1;-1;ST;60_Diffus
18/08/2023 06:00;;220.6;312.9;-2;ST;60_Diffus
18/08/2023 06:10;;282.7;382.3;-3;ST;60_Diffus
18/08/2023 06:20;;272.7;301;-4;ST;60_Diffus
18/08/2023 06:30;;279.4;294.6;-5;ST;60_Diffus
18/08/2023 06:40;;317.5;327.3;-5;ST;60_Diffus
18/08/2023 06:50;;342.9;404.8;-6;ST;60_Diffus
18/08/2023 07:00;;392.9;439.4;-7;ST;60_Diffus
18/08/2023 07:10;;462.9;549.2;-7;ST;60_Diffus
18/08/2023 07:20;;523.1;654.6;-8;ST;60_Diffus
18/08/2023 07:30;;523.1;625.8;-9;ST;60_Diffus
18/08/2023 07:40;;505.6;514.6;-10;ST;60_Diffus
18/08/2023 07:50;;549.2;596;-11;ST;60_Diffus
18/08/2023 08:00;;538.3;597.1;-12;ST;60_Diffus
18/08/2023 08:10;;443.8;470.4;-12;ST;60_Diffus
18/08/2023 08:20;;542.1;554;-13;ST;60_Diffus
18/08/2023 08:30;;553.8;614;-14;ST;60_Diffus
18/08/2023 08:40;;471.2;724;-15;ST;60_Diffus
18/08/2023 08:50;;421.5;1022.7;-17;ST;60_Diffus
18/08/2023 09:00;;499.8;1347.1;-18;ST;60_Diffus
18/08/2023 09:10;;456;1104.4;-19;ST;60_Diffus
18/08/2023 09:20;;345;1302.7;-20;ST;60_Diffus
18/08/2023 09:30;;327.3;1369;-21;ST;60_Diffus
18/08/2023 09:40;;334.6;1435.8;-22;ST;60_Diffus
18/08/2023 09:50;;395;1521;-24;ST;60_Diffus
18/08/2023 10:00;;489.2;1314.2;-26;ST;60_Diffus
18/08/2023 10:10;;680;1613.8;-27;ST;60_Diffus
18/08/2023 10:20;;793.3;1279;-28;ST;60_Diffus
18/08/2023 10:30;;780.4;1038.8;-27;ST;60_Diffus
18/08/2023 10:40;;785.4;1154;-25;ST;60_Diffus
18/08/2023 10:50;;842.5;1598.5;-23;ST;60_Diffus
18/08/2023 11:00;;795.6;838.3;-19;ST;60_Diffus
18/08/2023 11:10;;806.2;859;-17;ST;60_Diffus
18/08/2023 11:20;;485.8;495;-15;ST;60_Diffus
18/08/2023 11:30;;519.4;523.8;-11;ST;60_Diffus
18/08/2023 11:40;;761;770.4;-9;ST;60_Diffus
18/08/2023 11:50;;888.8;910;-5;ST;60_Diffus
18/08/2023 12:00;;779.8;794.4;-2;ST;60_Diffus
18/08/2023 12:10;;557.7;574.6;1;ST;60_Diffus
18/08/2023 12:20;;414.8;439.8;1;ST;60_Diffus
18/08/2023 12:30;;394.4;394.4;1;ST;60_Diffus
18/08/2023 12:40;;508.5;542.5;1;ST;60_Diffus
18/08/2023 12:50;;746.2;817.7;13;ST;60_Diffus
18/08/2023 13:00;;929.4;1058.1;16;ST;60_Diffus
18/08/2023 13:10;;922.5;1869.8;18;ST;60_Diffus
18/08/2023 13:20;;607.1;658.5;20;ST;60_Diffus
18/08/2023 13:30;;481.2;494.4;23;ST;60_Diffus
18/08/2023 13:40;;332.5;337.7;26;ST;60_Diffus
18/08/2023 13:50;;364.8;379.8;28;ST;60_Diffus
18/08/2023 14:00;;389.2;427.9;27;ST;60_Diffus
18/08/2023 14:10;;300;315.6;27;ST;60_Diffus
18/08/2023 14:20;;251.9;260;26;ST;60_Diffus
18/08/2023 14:30;;341.9;346.2;24;ST;60_Diffus
18/08/2023 14:40;;368.1;368.5;23;ST;60_Diffus
18/08/2023 14:50;;325.2;328.1;22;ST;60_Diffus
18/08/2023 15:00;;370.8;377.3;20;ST;60_Diffus
18/08/2023 15:10;;434.2;443.8;19;ST;60_Diffus
18/08/2023 15:20;;587.5;638.3;18;ST;60_Diffus
18/08/2023 15:30;;550.4;1007.3;17;ST;60_Diffus
18/08/2023 15:40;;375.6;799.4;17;ST;60_Diffus
18/08/2023 15:50;;344.6;598.1;15;ST;60_Diffus
18/08/2023 16:00;;324.2;784.4;14;ST;60_Diffus
18/08/2023 16:10;;288.3;704.2;13;ST;60_Diffus
18/08/2023 16:20;;301.5;697.3;13;ST;60_Diffus
18/08/2023 16:30;;324.2;511.7;12;ST;60_Diffus
18/08/2023 16:40;;300;425.8;11;ST;60_Diffus
18/08/2023 16:50;;320;479;10;ST;60_Diffus
18/08/2023 17:00;;245.8;342.5;9;ST;60_Diffus
18/08/2023 17:10;;234.2;296.7;9;ST;60_Diffus
18/08/2023 17:20;;218.3;306.2;8;ST;60_Diffus
18/08/2023 17:30;;166;202.9;7;ST;60_Diffus
18/08/2023 17:40;;136.3;149.4;6;ST;60_Diffus
18/08/2023 17:50;;126.3;129.4;6;ST;60_Diffus
18/08/2023 18:00;;114.8;114.8;5;ST;60_Diffus
18/08/2023 18:10;;93.5;95;4;ST;60_Diffus
18/08/2023 18:20;;67.3;69.4;4;ST;60_Diffus
18/08/2023 18:30;;44;45.8;3;ST;60_Diffus
18/08/2023 18:40;;22.9;23.5;2;ST;60_Diffus
18/08/2023 18:50;;10.8;10.8;2;ST;60_Diffus
18/08/2023 19:00;;4;4;1;ST;60_Diffus
18/08/2023 19:10;;1.2;1.2;1;ST;60_Diffus
18/08/2023 19:20;;0.2;0.2;1;ST;60_Diffus
18/08/2023 19:30;;0;0;1;ST;60_Diffus
18/08/2023 19:40;;0;0;1;ST;60_Diffus
18/08/2023 19:50;;0;0;1;ST;60_Diffus
18/08/2023 20:00;;0;0;1;ST;60_Diffus
18/08/2023 20:10;;0;0;1;ST;60_Diffus
18/08/2023 20:20;;0;0;1;ST;60_Diffus
18/08/2023 20:30;;0;0;1;ST;60_Diffus
18/08/2023 20:40;;0;0;1;ST;60_Diffus
18/08/2023 20:50;;0;0;1;ST;60_Diffus
18/08/2023 21:00;;0;0;1;ST;60_Diffus
18/08/2023 21:10;;0;0;1;ST;60_Diffus
18/08/2023 21:20;;0;0;1;ST;60_Diffus
18/08/2023 21:30;;0;0;1;ST;60_Diffus
18/08/2023 21:40;;0;0;1;ST;60_Diffus
18/08/2023 21:50;;0;0;1;ST;60_Diffus
18/08/2023 22:00;;0;0;1;ST;60_Diffus
18/08/2023 22:10;;0;0;1;ST;60_Diffus
18/08/2023 22:20;;0;0;1;ST;60_Diffus
18/08/2023 22:30;;0;0;1;ST;60_Diffus
18/08/2023 22:40;;0;0;1;ST;60_Diffus
18/08/2023 22:50;;0;0;1;ST;60_Diffus
18/08/2023 23:00;;0;0;1;ST;60_Diffus
18/08/2023 23:10;;0;0;1;ST;60_Diffus
18/08/2023 23:20;;0;0;1;ST;60_Diffus
18/08/2023 23:30;;0;0;1;ST;60_Diffus
18/08/2023 23:40;;0;0;1;ST;60_Diffus
18/08/2023 23:50;;0;0;1;ST;60_Diffus
19/08/2023 00:00;;0;0;1;ST;100_Diffus
19/08/2023 00:10;;0;0;1;ST;100_Diffus
19/08/2023 00:20;;0;0;1;ST;100_Diffus
19/08/2023 00:30;;0;0;1;ST;100_Diffus
19/08/2023 00:40;;0;0;1;ST;100_Diffus
19/08/2023 00:50;;0;0;1;ST;100_Diffus
19/08/2023 01:00;;0;0;1;ST;100_Diffus
19/08/2023 01:10;;0;0;1;ST;100_Diffus
19/08/2023 01:20;;0;0;1;ST;100_Diffus
19/08/2023 01:30;;0;0;1;ST;100_Diffus
19/08/2023 01:40;;0;0;1;ST;100_Diffus
19/08/2023 01:50;;0;0;1;ST;100_Diffus
19/08/2023 02:00;;0;0;1;ST;100_Diffus
19/08/2023 02:10;;0;0;1;ST;100_Diffus
19/08/2023 02:20;;0;0;1;ST;100_Diffus
19/08/2023 02:30;;0;0;1;ST;100_Diffus
19/08/2023 02:40;;0;0;1;ST;100_Diffus
19/08/2023 02:50;;0;0;1;ST;100_Diffus
19/08/2023 03:00;;0;0;1;ST;100_Diffus
19/08/2023 03:10;;0;0;1;ST;100_Diffus
19/08/2023 03:20;;0;0;1;ST;100_Diffus
19/08/2023 03:30;;0;0;1;ST;100_Diffus
19/08/2023 03:40;;0;0;1;ST;100_Diffus
19/08/2023 03:50;;0;0;1;ST;100_Diffus
19/08/2023 04:00;;0;0;1;ST;100_Diffus
19/08/2023 04:10;;0;0;1;ST;100_Diffus
19/08/2023 04:20;;0.2;0.2;1;ST;100_Diffus
19/08/2023 04:30;;1;1;1;ST;100_Diffus
19/08/2023 04:40;;3.8;3.8;1;ST;100_Diffus
19/08/2023 04:50;;8.5;8.5;1;ST;100_Diffus
19/08/2023 05:00;;13.5;13.5;1;ST;100_Diffus
19/08/2023 05:10;;25.2;25.2;1;ST;100_Diffus
19/08/2023 05:20;;35.6;35.6;1;ST;100_Diffus
19/08/2023 05:30;;52.3;52.3;1;ST;100_Diffus
19/08/2023 05:40;;79.8;81;1;ST;100_Diffus
19/08/2023 05:50;;89.4;92.7;-1;ST;100_Diffus
19/08/2023 06:00;;77.7;79;-2;ST;100_Diffus
19/08/2023 06:10;;71.9;73.3;-3;ST;100_Diffus
19/08/2023 06:20;;70.4;70.4;-4;ST;100_Diffus
19/08/2023 06:30;;105.2;105.6;-5;ST;100_Diffus
19/08/2023 06:40;;140.6;141.7;-5;ST;100_Diffus
19/08/2023 06:50;;173.1;175.8;-6;ST;100_Diffus
19/08/2023 07:00;;163.5;169.8;-7;ST;100_Diffus
19/08/2023 07:10;;164;168.8;-7;ST;100_Diffus
19/08/2023 07:20;;221.9;225.8;-8;ST;100_Diffus
19/08/2023 07:30;;352.5;360.6;-9;ST;100_Diffus
19/08/2023 07:40;;568.3;636.5;-10;ST;100_Diffus
19/08/2023 07:50;;615.2;736.7;-11;ST;100_Diffus
19/08/2023 08:00;;616.7;656.9;-12;ST;100_Diffus
19/08/2023 08:10;;519.6;588.1;-12;ST;100_Diffus
19/08/2023 08:20;;384;387.1;-13;ST;100_Diffus
19/08/2023 08:30;;606;675;-14;ST;100_Diffus
19/08/2023 08:40;;568.5;658.3;-15;ST;100_Diffus
19/08/2023 08:50;;382.7;394.4;-17;ST;100_Diffus
19/08/2023 09:00;;322.9;324.4;-18;ST;100_Diffus
19/08/2023 09:10;;530.6;541.7;-19;ST;100_Diffus
19/08/2023 09:20;;398.8;405;-20;ST;100_Diffus
19/08/2023 09:30;;410.6;432.5;-21;ST;100_Diffus
19/08/2023 09:40;;392.5;400.8;-23;ST;100_Diffus
19/08/2023 09:50;;398.1;412.1;-24;ST;100_Diffus
19/08/2023 10:00;;281.9;292.7;-26;ST;100_Diffus
19/08/2023 10:10;;304;309;-27;ST;100_Diffus
19/08/2023 10:20;;243.8;253.3;-28;ST;100_Diffus
19/08/2023 10:30;;227.9;233.8;-27;ST;100_Diffus
19/08/2023 10:40;;140.4;141.2;-25;ST;100_Diffus
19/08/2023 10:50;;188.5;190.4;-23;ST;100_Diffus
19/08/2023 11:00;;191.7;194;-19;ST;100_Diffus
19/08/2023 11:10;;159.8;161.3;-17;ST;100_Diffus
19/08/2023 11:20;;165.8;165.8;-15;ST;100_Diffus
19/08/2023 11:30;;197.5;197.5;-11;ST;100_Diffus
19/08/2023 11:40;;195.8;195.8;-8;ST;100_Diffus
19/08/2023 11:50;;291.7;291.7;-5;ST;100_Diffus
19/08/2023 12:00;;354.8;360;-3;ST;100_Diffus
19/08/2023 12:10;;346.9;359.4;1;ST;100_Diffus
19/08/2023 12:20;;280.6;293.3;1;ST;100_Diffus
19/08/2023 12:30;;146.9;150;1;ST;100_Diffus
19/08/2023 12:40;;178.8;179.8;1;ST;100_Diffus
19/08/2023 12:50;;270.8;278.8;13;ST;100_Diffus
19/08/2023 13:00;;236;250.8;16;ST;100_Diffus
19/08/2023 13:10;;209.4;213.8;18;ST;100_Diffus
19/08/2023 13:20;;329.6;347.1;21;ST;100_Diffus
19/08/2023 13:30;;587.7;606.7;23;ST;100_Diffus
19/08/2023 13:40;;804.8;873.5;26;ST;100_Diffus
19/08/2023 13:50;;802.7;1297.3;28;ST;100_Diffus
19/08/2023 14:00;;530.8;1487.1;27;ST;100_Diffus
19/08/2023 14:10;;380.4;1453.8;27;ST;100_Diffus
19/08/2023 14:20;;405.6;814.4;26;ST;100_Diffus
19/08/2023 14:30;;665.4;953.8;24;ST;100_Diffus
19/08/2023 14:40;;444.6;1339.2;23;ST;100_Diffus
19/08/2023 14:50;;470.8;1196.3;22;ST;100_Diffus
19/08/2023 15:00;;589;1017.3;20;ST;100_Diffus
19/08/2023 15:10;;518.8;802.1;19;ST;100_Diffus
19/08/2023 15:20;;559;763.1;18;ST;100_Diffus
19/08/2023 15:30;;468.5;498.5;17;ST;100_Diffus
19/08/2023 15:40;;421.9;437.7;16;ST;100_Diffus
19/08/2023 15:50;;316;332.5;15;ST;100_Diffus
19/08/2023 16:00;;222.7;232.3;14;ST;100_Diffus
19/08/2023 16:10;;272.7;345.8;13;ST;100_Diffus
19/08/2023 16:20;;439.6;581.9;12;ST;100_Diffus
19/08/2023 16:30;;418.1;645.8;12;ST;100_Diffus
19/08/2023 16:40;;350.6;550;11;ST;100_Diffus
19/08/2023 16:50;;285.6;302.1;10;ST;100_Diffus
19/08/2023 17:00;;229.8;237.7;9;ST;100_Diffus
19/08/2023 17:10;;237.3;245.6;8;ST;100_Diffus
19/08/2023 17:20;;156.5;162.3;8;ST;100_Diffus
19/08/2023 17:30;;99.4;101;7;ST;100_Diffus
19/08/2023 17:40;;106.7;111.2;6;ST;100_Diffus
19/08/2023 17:50;;89;91.2;6;ST;100_Diffus
19/08/2023 18:00;;62.5;64.8;5;ST;100_Diffus
19/08/2023 18:10;;65;65;4;ST;100_Diffus
19/08/2023 18:20;;65.2;66.7;4;ST;100_Diffus
19/08/2023 18:30;;41.9;44.6;3;ST;100_Diffus
19/08/2023 18:40;;21.2;22.1;2;ST;100_Diffus
19/08/2023 18:50;;10.6;10.6;1;ST;100_Diffus
19/08/2023 19:00;;4.2;4.2;1;ST;100_Diffus
19/08/2023 19:10;;1;1;1;ST;100_Diffus
19/08/2023 19:20;;0;0;1;ST;100_Diffus
19/08/2023 19:30;;0;0;1;ST;100_Diffus
19/08/2023 19:40;;0;0;1;ST;100_Diffus
19/08/2023 19:50;;0;0;1;ST;100_Diffus
19/08/2023 20:00;;0;0;1;ST;100_Diffus
19/08/2023 20:10;;0;0;1;ST;100_Diffus
19/08/2023 20:20;;0;0;1;ST;100_Diffus
19/08/2023 20:30;;0;0;1;ST;100_Diffus
19/08/2023 20:40;;0;0;1;ST;100_Diffus
19/08/2023 20:50;;0;0;1;ST;100_Diffus
19/08/2023 21:00;;0;0;1;ST;100_Diffus
19/08/2023 21:10;;0;0;1;ST;100_Diffus
19/08/2023 21:20;;0;0;1;ST;100_Diffus
19/08/2023 21:30;;0;0;1;ST;100_Diffus
19/08/2023 21:40;;0;0;1;ST;100_Diffus
19/08/2023 21:50;;0;0;1;ST;100_Diffus
19/08/2023 22:00;;0;0;1;ST;100_Diffus
19/08/2023 22:10;;0;0;1;ST;100_Diffus
19/08/2023 22:20;;0;0;1;ST;100_Diffus
19/08/2023 22:30;;0;0;1;ST;100_Diffus
19/08/2023 22:40;;0;0;1;ST;100_Diffus
19/08/2023 22:50;;0;0;1;ST;100_Diffus
19/08/2023 23:00;;0;0;1;ST;100_Diffus
19/08/2023 23:10;;0;0;1;ST;100_Diffus
19/08/2023 23:20;;0;0;1;ST;100_Diffus
19/08/2023 23:30;;0;0;1;ST;100_Diffus
19/08/2023 23:40;;0;0;1;ST;100_Diffus
19/08/2023 23:50;;0;0;1;ST;100_Diffus
21/08/2023 00:00;;0;0;1;ST;100_Clear
21/08/2023 00:10;;0;0;1;ST;100_Clear
21/08/2023 00:20;;0;0;1;ST;100_Clear
21/08/2023 00:30;;0;0;1;ST;100_Clear
21/08/2023 00:40;;0;0;1;ST;100_Clear
21/08/2023 00:50;;0;0;1;ST;100_Clear
21/08/2023 01:00;;0;0;1;ST;100_Clear
21/08/2023 01:10;;0;0;1;ST;100_Clear
21/08/2023 01:20;;0;0;1;ST;100_Clear
21/08/2023 01:30;;0;0;1;ST;100_Clear
21/08/2023 01:40;;0;0;1;ST;100_Clear
21/08/2023 01:50;;0;0;1;ST;100_Clear
21/08/2023 02:00;;0;0;1;ST;100_Clear
21/08/2023 02:10;;0;0;1;ST;100_Clear
21/08/2023 02:20;;0;0;1;ST;100_Clear
21/08/2023 02:30;;0;0;1;ST;100_Clear
21/08/2023 02:40;;0;0;1;ST;100_Clear
21/08/2023 02:50;;0;0;1;ST;100_Clear
21/08/2023 03:00;;0;0;1;ST;100_Clear
21/08/2023 03:10;;0;0;1;ST;100_Clear
21/08/2023 03:20;;0;0;1;ST;100_Clear
21/08/2023 03:30;;0;0;1;ST;100_Clear
21/08/2023 03:40;;0;0;1;ST;100_Clear
21/08/2023 03:50;;0;0;1;ST;100_Clear
21/08/2023 04:00;;0;0;1;ST;100_Clear
21/08/2023 04:10;;0;0;1;ST;100_Clear
21/08/2023 04:20;;0.2;0.2;1;ST;100_Clear
21/08/2023 04:30;;1.5;1.5;1;ST;100_Clear
21/08/2023 04:40;;5.2;5.2;1;ST;100_Clear
21/08/2023 04:50;;12.9;12.9;1;ST;100_Clear
21/08/2023 05:00;;24.2;24.2;1;ST;100_Clear
21/08/2023 05:10;;39.6;39.6;1;ST;100_Clear
21/08/2023 05:20;;63.1;64.4;1;ST;100_Clear
21/08/2023 05:30;;85;107.9;1;ST;100_Clear
21/08/2023 05:40;;99.6;141;1;ST;100_Clear
21/08/2023 05:50;;114;173.3;-1;ST;100_Clear
21/08/2023 06:00;;129.6;238.5;-2;ST;100_Clear
21/08/2023 06:10;;142.1;286.2;-3;ST;100_Clear
21/08/2023 06:20;;151.5;331.5;-4;ST;100_Clear
21/08/2023 06:30;;164.8;392.9;-5;ST;100_Clear
21/08/2023 06:40;;174.8;445.4;-5;ST;100_Clear
21/08/2023 06:50;;183.8;508.3;-6;ST;100_Clear
21/08/2023 07:00;;187.7;566.2;-7;ST;100_Clear
21/08/2023 07:10;;192.7;626.5;-7;ST;100_Clear
21/08/2023 07:20;;200;685.4;-8;ST;100_Clear
21/08/2023 07:30;;206.9;742.9;-9;ST;100_Clear
21/08/2023 07:40;;216;799.6;-10;ST;100_Clear
21/08/2023 07:50;;223.5;853.3;-11;ST;100_Clear
21/08/2023 08:00;;225.8;911.9;-12;ST;100_Clear
21/08/2023 08:10;;233.1;967.5;-12;ST;100_Clear
21/08/2023 08:20;;241.7;1022.3;-13;ST;100_Clear
21/08/2023 08:30;;237.3;1074;-14;ST;100_Clear
21/08/2023 08:40;;239.4;1121.9;-15;ST;100_Clear
21/08/2023 08:50;;239.2;1169.6;-17;ST;100_Clear
21/08/2023 09:00;;239.2;1215.6;-18;ST;100_Clear
21/08/2023 09:10;;236.9;1264.4;-19;ST;100_Clear
21/08/2023 09:20;;240;1306.2;-20;ST;100_Clear
21/08/2023 09:30;;236.9;1349.2;-21;ST;100_Clear
21/08/2023 09:40;;234.2;1384.8;-23;ST;100_Clear
21/08/2023 09:50;;235.6;1420.2;-24;ST;100_Clear
21/08/2023 10:00;;242.3;1457.3;-26;ST;100_Clear
21/08/2023 10:10;;258.1;1489.2;-27;ST;100_Clear
21/08/2023 10:20;;266.7;1517.9;-28;ST;100_Clear
21/08/2023 10:30;;261;1543.5;-27;ST;100_Clear
21/08/2023 10:40;;257.7;1566.9;-26;ST;100_Clear
21/08/2023 10:50;;257.1;1588.5;-23;ST;100_Clear
21/08/2023 11:00;;262.7;1609.2;-20;ST;100_Clear
21/08/2023 11:10;;272.9;1623.3;-17;ST;100_Clear
21/08/2023 11:20;;282.9;1637.5;-15;ST;100_Clear
21/08/2023 11:30;;270.4;1647.1;-12;ST;100_Clear
21/08/2023 11:40;;251.9;1654.8;-9;ST;100_Clear
21/08/2023 11:50;;242.9;1658.8;-5;ST;100_Clear
21/08/2023 12:00;;237.5;1658.3;-3;ST;100_Clear
21/08/2023 12:10;;233.8;1656.9;0;ST;100_Clear
21/08/2023 12:20;;233.5;1652.3;3;ST;100_Clear
21/08/2023 12:30;;233.8;1642.7;6;ST;100_Clear
21/08/2023 12:40;;235.6;1632.3;9;ST;100_Clear
21/08/2023 12:50;;241;1619.2;12;ST;100_Clear
21/08/2023 13:00;;254;1602.3;15;ST;100_Clear
21/08/2023 13:10;;256.9;1582.7;18;ST;100_Clear
21/08/2023 13:20;;250.6;1561.2;21;ST;100_Clear
21/08/2023 13:30;;245.4;1535.6;24;ST;100_Clear
21/08/2023 13:40;;242.9;1509.2;26;ST;100_Clear
21/08/2023 13:50;;242.1;1478.5;28;ST;100_Clear
21/08/2023 14:00;;241.2;1442.7;27;ST;100_Clear
21/08/2023 14:10;;240.2;1404.4;27;ST;100_Clear
21/08/2023 14:20;;236.7;1367.5;26;ST;100_Clear
21/08/2023 14:30;;237.9;1330.2;24;ST;100_Clear
21/08/2023 14:40;;224.4;1287.3;23;ST;100_Clear
21/08/2023 14:50;;210.6;1242.7;21;ST;100_Clear
21/08/2023 15:00;;200;1196.3;20;ST;100_Clear
21/08/2023 15:10;;192.3;1143.5;19;ST;100_Clear
21/08/2023 15:20;;184;1090.2;18;ST;100_Clear
21/08/2023 15:30;;177.5;1038.3;17;ST;100_Clear
21/08/2023 15:40;;174;981.7;16;ST;100_Clear
21/08/2023 15:50;;169.2;925.6;15;ST;100_Clear
21/08/2023 16:00;;167.9;869;14;ST;100_Clear
21/08/2023 16:10;;165.6;807.9;13;ST;100_Clear
21/08/2023 16:20;;159.4;746.5;12;ST;100_Clear
21/08/2023 16:30;;153.8;682.1;11;ST;100_Clear
21/08/2023 16:40;;151;622.1;11;ST;100_Clear
21/08/2023 16:50;;145.8;561.7;10;ST;100_Clear
21/08/2023 17:00;;139.4;495.6;9;ST;100_Clear
21/08/2023 17:10;;133.8;433.8;8;ST;100_Clear
21/08/2023 17:20;;128.8;371.5;7;ST;100_Clear
21/08/2023 17:30;;123.3;310.4;7;ST;100_Clear
21/08/2023 17:40;;112.3;255;6;ST;100_Clear
21/08/2023 17:50;;99.6;144;5;ST;100_Clear
21/08/2023 18:00;;82.7;82.7;5;ST;100_Clear
21/08/2023 18:10;;66.2;68.5;4;ST;100_Clear
21/08/2023 18:20;;52.1;57.1;3;ST;100_Clear
21/08/2023 18:30;;36.7;40.6;3;ST;100_Clear
21/08/2023 18:40;;21.5;21.5;2;ST;100_Clear
21/08/2023 18:50;;9.8;9.8;1;ST;100_Clear
21/08/2023 19:00;;3.1;3.1;1;ST;100_Clear
21/08/2023 19:10;;0.6;0.6;1;ST;100_Clear
21/08/2023 19:20;;0;0;1;ST;100_Clear
21/08/2023 19:30;;0;0;1;ST;100_Clear
21/08/2023 19:40;;0;0;1;ST;100_Clear
21/08/2023 19:50;;0;0;1;ST;100_Clear
21/08/2023 20:00;;0;0;1;ST;100_Clear
21/08/2023 20:10;;0;0;1;ST;100_Clear
21/08/2023 20:20;;0;0;1;ST;100_Clear
21/08/2023 20:30;;0;0;1;ST;100_Clear
21/08/2023 20:40;;0;0;1;ST;100_Clear
21/08/2023 20:50;;0;0;1;ST;100_Clear
21/08/2023 21:00;;0;0;1;ST;100_Clear
21/08/2023 21:10;;0;0;1;ST;100_Clear
21/08/2023 21:20;;0;0;1;ST;100_Clear
21/08/2023 21:30;;0;0;1;ST;100_Clear
21/08/2023 21:40;;0;0;1;ST;100_Clear
21/08/2023 21:50;;0;0;1;ST;100_Clear
21/08/2023 22:00;;0;0;1;ST;100_Clear
21/08/2023 22:10;;0;0;1;ST;100_Clear
21/08/2023 22:20;;0;0;1;ST;100_Clear
21/08/2023 22:30;;0;0;1;ST;100_Clear
21/08/2023 22:40;;0;0;1;ST;100_Clear
21/08/2023 22:50;;0;0;1;ST;100_Clear
21/08/2023 23:00;;0;0;1;ST;100_Clear
21/08/2023 23:10;;0;0;1;ST;100_Clear
21/08/2023 23:20;;0;0;1;ST;100_Clear
21/08/2023 23:30;;0;0;1;ST;100_Clear
21/08/2023 23:40;;0;0;1;ST;100_Clear
21/08/2023 23:50;;0;0;1;ST;100_Clear
25/08/2023 00:00;;0;0;0;FLAT;100_Diffus
25/08/2023 00:10;;0;0;0;FLAT;100_Diffus
25/08/2023 00:20;;0;0;0;FLAT;100_Diffus
25/08/2023 00:30;;0;0;0;FLAT;100_Diffus
25/08/2023 00:40;;0;0;0;FLAT;100_Diffus
25/08/2023 00:50;;0;0;0;FLAT;100_Diffus
25/08/2023 01:00;;0;0;0;FLAT;100_Diffus
25/08/2023 01:10;;0;0;0;FLAT;100_Diffus
25/08/2023 01:20;;0;0;0;FLAT;100_Diffus
25/08/2023 01:30;;0;0;0;FLAT;100_Diffus
25/08/2023 01:40;;0;0;0;FLAT;100_Diffus
25/08/2023 01:50;;0;0;0;FLAT;100_Diffus
25/08/2023 02:00;;0;0;0;FLAT;100_Diffus
25/08/2023 02:10;;0;0;0;FLAT;100_Diffus
25/08/2023 02:20;;0;0;0;FLAT;100_Diffus
25/08/2023 02:30;;0;0;0;FLAT;100_Diffus
25/08/2023 02:40;;0;0;0;FLAT;100_Diffus
25/08/2023 02:50;;0;0;0;FLAT;100_Diffus
25/08/2023 03:00;;0;0;0;FLAT;100_Diffus
25/08/2023 03:10;;0;0;0;FLAT;100_Diffus
25/08/2023 03:20;;0;0;0;FLAT;100_Diffus
25/08/2023 03:30;;0;0;0;FLAT;100_Diffus
25/08/2023 03:40;;0;0;0;FLAT;100_Diffus
25/08/2023 03:50;;0;0;0;FLAT;100_Diffus
25/08/2023 04:00;;0;0;0;FLAT;100_Diffus
25/08/2023 04:10;;0;0;0;FLAT;100_Diffus
25/08/2023 04:20;;0;0;0;FLAT;100_Diffus
25/08/2023 04:30;;0.4;0.4;0;FLAT;100_Diffus
25/08/2023 04:40;;1.5;1.5;0;FLAT;100_Diffus
25/08/2023 04:50;;4.2;4.2;0;FLAT;100_Diffus
25/08/2023 05:00;;8.3;8.3;0;FLAT;100_Diffus
25/08/2023 05:10;;19.4;19.4;0;FLAT;100_Diffus
25/08/2023 05:20;;32.5;32.5;0;FLAT;100_Diffus
25/08/2023 05:30;;32.7;32.7;0;FLAT;100_Diffus
25/08/2023 05:40;;30;30;0;FLAT;100_Diffus
25/08/2023 05:50;;50;50;0;FLAT;100_Diffus
25/08/2023 06:00;;117.1;128.1;0;FLAT;100_Diffus
25/08/2023 06:10;;147.3;171.2;0;FLAT;100_Diffus
25/08/2023 06:20;;152.3;208.3;0;FLAT;100_Diffus
25/08/2023 06:30;;133.8;166;0;FLAT;100_Diffus
25/08/2023 06:40;;176;233.5;0;FLAT;100_Diffus
25/08/2023 06:50;;312.3;482.9;0;FLAT;100_Diffus
25/08/2023 07:00;;330;525.8;0;FLAT;100_Diffus
25/08/2023 07:10;;201;221.7;0;FLAT;100_Diffus
25/08/2023 07:20;;223.3;236.9;0;FLAT;100_Diffus
25/08/2023 07:30;;247.1;257.5;0;FLAT;100_Diffus
25/08/2023 07:40;;190.2;200.4;0;FLAT;100_Diffus
25/08/2023 07:50;;166.2;169;0;FLAT;100_Diffus
25/08/2023 08:00;;243.3;255.4;0;FLAT;100_Diffus
25/08/2023 08:10;;393.3;404.8;0;FLAT;100_Diffus
25/08/2023 08:20;;212.7;219;0;FLAT;100_Diffus
25/08/2023 08:30;;220.2;227.1;0;FLAT;100_Diffus
25/08/2023 08:40;;117.5;118.8;0;FLAT;100_Diffus
25/08/2023 08:50;;140;140.8;0;FLAT;100_Diffus
25/08/2023 09:00;;171.9;171.9;0;FLAT;100_Diffus
25/08/2023 09:10;;;;0;FLAT;100_Diffus
25/08/2023 09:20;;591.5;598.1;0;FLAT;100_Diffus
25/08/2023 09:30;;503.8;521;0;FLAT;100_Diffus
25/08/2023 09:40;;473.8;475.8;0;FLAT;100_Diffus
25/08/2023 09:50;;452.5;457.1;0;FLAT;100_Diffus
25/08/2023 10:00;;457.5;474.6;0;FLAT;100_Diffus
25/08/2023 10:10;;446;458.3;0;FLAT;100_Diffus
25/08/2023 10:20;;419.4;433.8;0;FLAT;100_Diffus
25/08/2023 10:30;;440.6;440.6;0;FLAT;100_Diffus
25/08/2023 10:40;;430.2;431.2;0;FLAT;100_Diffus
25/08/2023 10:50;;461.3;461.3;0;FLAT;100_Diffus
25/08/2023 11:00;;404.8;412.3;0;FLAT;100_Diffus
25/08/2023 11:10;;320.6;328.1;0;FLAT;100_Diffus
25/08/2023 11:20;;287.3;297.3;0;FLAT;100_Diffus
25/08/2023 11:30;;636.5;636.5;0;FLAT;100_Diffus
25/08/2023 11:40;;651.3;679.8;0;FLAT;100_Diffus
25/08/2023 11:50;;772.3;839.4;0;FLAT;100_Diffus
25/08/2023 12:00;;789.6;858.1;0;FLAT;100_Diffus
25/08/2023 12:10;;827.5;903.3;0;FLAT;100_Diffus
25/08/2023 12:20;;551.9;642.5;0;FLAT;100_Diffus
25/08/2023 12:30;;737.9;777.9;0;FLAT;100_Diffus
25/08/2023 12:40;;664.8;698.8;0;FLAT;100_Diffus
25/08/2023 12:50;;785.6;896.9;0;FLAT;100_Diffus
25/08/2023 13:00;;291.5;304;0;FLAT;100_Diffus
25/08/2023 13:10;;429.8;429.8;0;FLAT;100_Diffus
25/08/2023 13:20;;375.4;385.6;0;FLAT;100_Diffus
25/08/2023 13:30;;353.1;358.8;0;FLAT;100_Diffus
25/08/2023 13:40;;265.8;271.9;0;FLAT;100_Diffus
25/08/2023 13:50;;268.3;268.8;0;FLAT;100_Diffus
25/08/2023 14:00;;375.4;392.3;0;FLAT;100_Diffus
25/08/2023 14:10;;230.8;234.6;0;FLAT;100_Diffus
25/08/2023 14:20;;164.4;168.1;0;FLAT;100_Diffus
25/08/2023 14:30;;120.6;124.4;0;FLAT;100_Diffus
25/08/2023 14:40;;106.2;107.9;0;FLAT;100_Diffus
25/08/2023 14:50;;157.1;159;0;FLAT;100_Diffus
25/08/2023 15:00;;244.2;247.1;0;FLAT;100_Diffus
25/08/2023 15:10;;274;274.2;0;FLAT;100_Diffus
25/08/2023 15:20;;296.7;303.5;0;FLAT;100_Diffus
25/08/2023 15:30;;286.9;292.1;0;FLAT;100_Diffus
25/08/2023 15:40;;234;238.3;0;FLAT;100_Diffus
25/08/2023 15:50;;213.3;219;0;FLAT;100_Diffus
25/08/2023 16:00;;136.5;144.4;0;FLAT;100_Diffus
25/08/2023 16:10;;33.8;34;0;FLAT;100_Diffus
25/08/2023 16:20;;60;60;0;FLAT;100_Diffus
25/08/2023 16:30;;202.9;202.9;0;FLAT;100_Diffus
25/08/2023 16:40;;235.2;236.9;0;FLAT;100_Diffus
25/08/2023 16:50;;239;242.7;0;FLAT;100_Diffus
25/08/2023 17:00;;192.1;194.4;0;FLAT;100_Diffus
25/08/2023 17:10;;113.5;116.7;0;FLAT;100_Diffus
25/08/2023 17:20;;89;89;0;FLAT;100_Diffus
25/08/2023 17:30;;84;85.8;0;FLAT;100_Diffus
25/08/2023 17:40;;53.8;55.2;0;FLAT;100_Diffus
25/08/2023 17:50;;28.5;28.5;0;FLAT;100_Diffus
25/08/2023 18:00;;27.3;27.3;0;FLAT;100_Diffus
25/08/2023 18:10;;18.1;18.1;0;FLAT;100_Diffus
25/08/2023 18:20;;9.2;9.2;0;FLAT;100_Diffus
25/08/2023 18:30;;6;6;0;FLAT;100_Diffus
25/08/2023 18:40;;3.1;3.1;0;FLAT;100_Diffus
25/08/2023 18:50;;0.6;0.6;0;FLAT;100_Diffus
25/08/2023 19:00;;0;0;0;FLAT;100_Diffus
25/08/2023 19:10;;0;0;0;FLAT;100_Diffus
25/08/2023 19:20;;0;0;0;FLAT;100_Diffus
25/08/2023 19:30;;0;0;0;FLAT;100_Diffus
25/08/2023 19:40;;0;0;0;FLAT;100_Diffus
25/08/2023 19:50;;0;0;0;FLAT;100_Diffus
25/08/2023 20:00;;0;0;0;FLAT;100_Diffus
25/08/2023 20:10;;0;0;0;FLAT;100_Diffus
25/08/2023 20:20;;0;0;0;FLAT;100_Diffus
25/08/2023 20:30;;0;0;0;FLAT;100_Diffus
25/08/2023 20:40;;0;0;0;FLAT;100_Diffus
25/08/2023 20:50;;0;0;0;FLAT;100_Diffus
25/08/2023 21:00;;0;0;0;FLAT;100_Diffus
25/08/2023 21:10;;0;0;0;FLAT;100_Diffus
25/08/2023 21:20;;0;0;0;FLAT;100_Diffus
25/08/2023 21:30;;0;0;0;FLAT;100_Diffus
25/08/2023 21:40;;0;0;0;FLAT;100_Diffus
25/08/2023 21:50;;0;0;0;FLAT;100_Diffus
25/08/2023 22:00;;0;0;0;FLAT;100_Diffus
25/08/2023 22:10;;0;0;0;FLAT;100_Diffus
25/08/2023 22:20;;0;0;0;FLAT;100_Diffus
25/08/2023 22:30;;0;0;0;FLAT;100_Diffus
25/08/2023 22:40;;0;0;0;FLAT;100_Diffus
25/08/2023 22:50;;0;0;0;FLAT;100_Diffus
25/08/2023 23:00;;0;0;0;FLAT;100_Diffus
25/08/2023 23:10;;0;0;0;FLAT;100_Diffus
25/08/2023 23:20;;0;0;0;FLAT;100_Diffus
25/08/2023 23:30;;0;0;0;FLAT;100_Diffus
25/08/2023 23:40;;0;0;0;FLAT;100_Diffus
25/08/2023 23:50;;0;0;0;FLAT;100_Diffus
26/08/2023 00:00;;0;0;0;FLAT;60_Diffus
26/08/2023 00:10;;0;0;0;FLAT;60_Diffus
26/08/2023 00:20;;0;0;0;FLAT;60_Diffus
26/08/2023 00:30;;0;0;0;FLAT;60_Diffus
26/08/2023 00:40;;0;0;0;FLAT;60_Diffus
26/08/2023 00:50;;0;0;0;FLAT;60_Diffus
26/08/2023 01:00;;0;0;0;FLAT;60_Diffus
26/08/2023 01:10;;0;0;0;FLAT;60_Diffus
26/08/2023 01:20;;0;0;0;FLAT;60_Diffus
26/08/2023 01:30;;0;0;0;FLAT;60_Diffus
26/08/2023 01:40;;0;0;0;FLAT;60_Diffus
26/08/2023 01:50;;0;0;0;FLAT;60_Diffus
26/08/2023 02:00;;0;0;0;FLAT;60_Diffus
26/08/2023 02:10;;0;0;0;FLAT;60_Diffus
26/08/2023 02:20;;0;0;0;FLAT;60_Diffus
26/08/2023 02:30;;0;0;0;FLAT;60_Diffus
26/08/2023 02:40;;0;0;0;FLAT;60_Diffus
26/08/2023 02:50;;0;0;0;FLAT;60_Diffus
26/08/2023 03:00;;0;0;0;FLAT;60_Diffus
26/08/2023 03:10;;0;0;0;FLAT;60_Diffus
26/08/2023 03:20;;0;0;0;FLAT;60_Diffus
26/08/2023 03:30;;0;0;0;FLAT;60_Diffus
26/08/2023 03:40;;0;0;0;FLAT;60_Diffus
26/08/2023 03:50;;0;0;0;FLAT;60_Diffus
26/08/2023 04:00;;0;0;0;FLAT;60_Diffus
26/08/2023 04:10;;0;0;0;FLAT;60_Diffus
26/08/2023 04:20;;0;0;0;FLAT;60_Diffus
26/08/2023 04:30;;0.4;0.4;0;FLAT;60_Diffus
26/08/2023 04:40;;2.1;2.1;0;FLAT;60_Diffus
26/08/2023 04:50;;7.5;7.5;0;FLAT;60_Diffus
26/08/2023 05:00;;18.3;18.3;0;FLAT;60_Diffus
26/08/2023 05:10;;34.6;34.6;0;FLAT;60_Diffus
26/08/2023 05:20;;55.2;62.5;0;FLAT;60_Diffus
26/08/2023 05:30;;73.3;97.3;0;FLAT;60_Diffus
26/08/2023 05:40;;91.5;137.3;0;FLAT;60_Diffus
26/08/2023 05:50;;109.2;180.6;0;FLAT;60_Diffus
26/08/2023 06:00;;128.5;231.2;0;FLAT;60_Diffus
26/08/2023 06:10;;139;272.7;0;FLAT;60_Diffus
26/08/2023 06:20;;;;0;FLAT;60_Diffus
26/08/2023 06:30;;170.2;392.1;0;FLAT;60_Diffus
26/08/2023 06:40;;192.5;385.8;0;FLAT;60_Diffus
26/08/2023 06:50;;225.4;451.2;0;FLAT;60_Diffus
26/08/2023 07:00;;223.8;475.2;0;FLAT;60_Diffus
26/08/2023 07:10;;235.4;597.3;0;FLAT;60_Diffus
26/08/2023 07:20;;267.1;679.2;0;FLAT;60_Diffus
26/08/2023 07:30;;249.8;673.5;0;FLAT;60_Diffus
26/08/2023 07:40;;233.8;643.8;0;FLAT;60_Diffus
26/08/2023 07:50;;260.2;714.4;0;FLAT;60_Diffus
26/08/2023 08:00;;289.8;837.7;0;FLAT;60_Diffus
26/08/2023 08:10;;285.4;881.5;0;FLAT;60_Diffus
26/08/2023 08:20;;361.9;952.3;0;FLAT;60_Diffus
26/08/2023 08:30;;374.6;897.7;0;FLAT;60_Diffus
26/08/2023 08:40;;360;1056.2;0;FLAT;60_Diffus
26/08/2023 08:50;;392.3;1260.4;0;FLAT;60_Diffus
26/08/2023 09:00;;371.7;1286.7;0;FLAT;60_Diffus
26/08/2023 09:10;;387.7;1321.9;0;FLAT;60_Diffus
26/08/2023 09:20;;410.6;1392.1;0;FLAT;60_Diffus
26/08/2023 09:30;;513.8;1524.8;0;FLAT;60_Diffus
26/08/2023 09:40;;459.8;1367.9;0;FLAT;60_Diffus
26/08/2023 09:50;;413.5;1042.9;0;FLAT;60_Diffus
26/08/2023 10:00;;444.8;970.6;0;FLAT;60_Diffus
26/08/2023 10:10;;547.7;1604;0;FLAT;60_Diffus
26/08/2023 10:20;;676.3;1389.6;0;FLAT;60_Diffus
26/08/2023 10:30;;580.8;974.6;0;FLAT;60_Diffus
26/08/2023 10:40;;711.7;1123.3;0;FLAT;60_Diffus
26/08/2023 10:50;;478.1;1069.8;0;FLAT;60_Diffus
26/08/2023 11:00;;570.8;1595.6;0;FLAT;60_Diffus
26/08/2023 11:10;;492.9;825.8;0;FLAT;60_Diffus
26/08/2023 11:20;;818.1;1171.7;0;FLAT;60_Diffus
26/08/2023 11:30;;712.9;1574.8;0;FLAT;60_Diffus
26/08/2023 11:40;;650.2;1466.5;0;FLAT;60_Diffus
26/08/2023 11:50;;635.4;974.4;0;FLAT;60_Diffus
26/08/2023 12:00;;710.8;958.1;0;FLAT;60_Diffus
26/08/2023 12:10;;535.2;912.5;0;FLAT;60_Diffus
26/08/2023 12:20;;506.9;1280.2;0;FLAT;60_Diffus
26/08/2023 12:30;;470.2;552.7;0;FLAT;60_Diffus
26/08/2023 12:40;;478.3;501.2;0;FLAT;60_Diffus
26/08/2023 12:50;;556;1213.1;0;FLAT;60_Diffus
26/08/2023 13:00;;582.7;894.4;0;FLAT;60_Diffus
26/08/2023 13:10;;496;1633.8;0;FLAT;60_Diffus
26/08/2023 13:20;;425.6;1404.6;0;FLAT;60_Diffus
26/08/2023 13:30;;558.3;1224;0;FLAT;60_Diffus
26/08/2023 13:40;;412.1;1541;0;FLAT;60_Diffus
26/08/2023 13:50;;444.8;1354;0;FLAT;60_Diffus
26/08/2023 14:00;;563.8;1063.5;0;FLAT;60_Diffus
26/08/2023 14:10;;424.2;1434.6;0;FLAT;60_Diffus
26/08/2023 14:20;;359.4;1368.1;0;FLAT;60_Diffus
26/08/2023 14:30;;396.7;1270;0;FLAT;60_Diffus
26/08/2023 14:40;;339.2;1114.4;0;FLAT;60_Diffus
26/08/2023 14:50;;271;1215.4;0;FLAT;60_Diffus
26/08/2023 15:00;;252.5;1161.7;0;FLAT;60_Diffus
26/08/2023 15:10;;257.7;1026.9;0;FLAT;60_Diffus
26/08/2023 15:20;;240.8;1040;0;FLAT;60_Diffus
26/08/2023 15:30;;245.4;916.3;0;FLAT;60_Diffus
26/08/2023 15:40;;232.9;946.7;0;FLAT;60_Diffus
26/08/2023 15:50;;214.8;872.9;0;FLAT;60_Diffus
26/08/2023 16:00;;205;815.4;0;FLAT;60_Diffus
26/08/2023 16:10;;193.8;745.4;0;FLAT;60_Diffus
26/08/2023 16:20;;188.1;684.6;0;FLAT;60_Diffus
26/08/2023 16:30;;181.7;571.7;0;FLAT;60_Diffus
26/08/2023 16:40;;169.4;538.1;0;FLAT;60_Diffus
26/08/2023 16:50;;145;215.4;0;FLAT;60_Diffus
26/08/2023 17:00;;144.4;179.8;0;FLAT;60_Diffus
26/08/2023 17:10;;149.8;361.7;0;FLAT;60_Diffus
26/08/2023 17:20;;139;297.1;0;FLAT;60_Diffus
26/08/2023 17:30;;133.3;189;0;FLAT;60_Diffus
26/08/2023 17:40;;99.2;105.4;0;FLAT;60_Diffus
26/08/2023 17:50;;69.6;71.3;0;FLAT;60_Diffus
26/08/2023 18:00;;32.3;32.3;0;FLAT;60_Diffus
26/08/2023 18:10;;20.4;20.4;0;FLAT;60_Diffus
26/08/2023 18:20;;15;15;0;FLAT;60_Diffus
26/08/2023 18:30;;9.6;9.6;0;FLAT;60_Diffus
26/08/2023 18:40;;5;5;0;FLAT;60_Diffus
26/08/2023 18:50;;1.7;1.7;0;FLAT;60_Diffus
26/08/2023 19:00;;0.2;0.2;0;FLAT;60_Diffus
26/08/2023 19:10;;0;0;0;FLAT;60_Diffus
26/08/2023 19:20;;0;0;0;FLAT;60_Diffus
26/08/2023 19:30;;0;0;0;FLAT;60_Diffus
26/08/2023 19:40;;0;0;0;FLAT;60_Diffus
26/08/2023 19:50;;0;0;0;FLAT;60_Diffus
26/08/2023 20:00;;0;0;0;FLAT;60_Diffus
26/08/2023 20:10;;0;0;0;FLAT;60_Diffus
26/08/2023 20:20;;0;0;0;FLAT;60_Diffus
26/08/2023 20:30;;0;0;0;FLAT;60_Diffus
26/08/2023 20:40;;0;0;0;FLAT;60_Diffus
26/08/2023 20:50;;0;0;0;FLAT;60_Diffus
26/08/2023 21:00;;0;0;0;FLAT;60_Diffus
26/08/2023 21:10;;0;0;0;FLAT;60_Diffus
26/08/2023 21:20;;0;0;0;FLAT;60_Diffus
26/08/2023 21:30;;0;0;0;FLAT;60_Diffus
26/08/2023 21:40;;0;0;0;FLAT;60_Diffus
26/08/2023 21:50;;0;0;0;FLAT;60_Diffus
26/08/2023 22:00;;0;0;0;FLAT;60_Diffus
26/08/2023 22:10;;0;0;0;FLAT;60_Diffus
26/08/2023 22:20;;0;0;0;FLAT;60_Diffus
26/08/2023 22:30;;0;0;0;FLAT;60_Diffus
26/08/2023 22:40;;0;0;0;FLAT;60_Diffus
26/08/2023 22:50;;0;0;0;FLAT;60_Diffus
26/08/2023 23:00;;0;0;0;FLAT;60_Diffus
26/08/2023 23:10;;0;0;0;FLAT;60_Diffus
26/08/2023 23:20;;0;0;0;FLAT;60_Diffus
26/08/2023 23:30;;0;0;0;FLAT;60_Diffus
26/08/2023 23:40;;0;0;0;FLAT;60_Diffus
26/08/2023 23:50;;0;0;0;FLAT;60_Diffus
28/08/2023 00:00;;0;0;0;FLAT;60_Diffus
28/08/2023 00:10;;0;0;0;FLAT;60_Diffus
28/08/2023 00:20;;0;0;0;FLAT;60_Diffus
28/08/2023 00:30;;0;0;0;FLAT;60_Diffus
28/08/2023 00:40;;0;0;0;FLAT;60_Diffus
28/08/2023 00:50;;0;0;0;FLAT;60_Diffus
28/08/2023 01:00;;0;0;0;FLAT;60_Diffus
28/08/2023 01:10;;0;0;0;FLAT;60_Diffus
28/08/2023 01:20;;0;0;0;FLAT;60_Diffus
28/08/2023 01:30;;0;0;0;FLAT;60_Diffus
28/08/2023 01:40;;0;0;0;FLAT;60_Diffus
28/08/2023 01:50;;0;0;0;FLAT;60_Diffus
28/08/2023 02:00;;0;0;0;FLAT;60_Diffus
28/08/2023 02:10;;0;0;0;FLAT;60_Diffus
28/08/2023 02:20;;0;0;0;FLAT;60_Diffus
28/08/2023 02:30;;0;0;0;FLAT;60_Diffus
28/08/2023 02:40;;0;0;0;FLAT;60_Diffus
28/08/2023 02:50;;0;0;0;FLAT;60_Diffus
28/08/2023 03:00;;0;0;0;FLAT;60_Diffus
28/08/2023 03:10;;0;0;0;FLAT;60_Diffus
28/08/2023 03:20;;0;0;0;FLAT;60_Diffus
28/08/2023 03:30;;0;0;0;FLAT;60_Diffus
28/08/2023 03:40;;0;0;0;FLAT;60_Diffus
28/08/2023 03:50;;0;0;0;FLAT;60_Diffus
28/08/2023 04:00;;0;0;0;FLAT;60_Diffus
28/08/2023 04:10;;0;0;0;FLAT;60_Diffus
28/08/2023 04:20;;0;0;0;FLAT;60_Diffus
28/08/2023 04:30;;0.2;0.2;0;FLAT;60_Diffus
28/08/2023 04:40;;0.6;0.6;0;FLAT;60_Diffus
28/08/2023 04:50;;3.1;3.1;0;FLAT;60_Diffus
28/08/2023 05:00;;10.6;10.6;0;FLAT;60_Diffus
28/08/2023 05:10;;34;34;0;FLAT;60_Diffus
28/08/2023 05:20;;70.2;70.2;0;FLAT;60_Diffus
28/08/2023 05:30;;86.7;88.1;0;FLAT;60_Diffus
28/08/2023 05:40;;87.7;96.3;0;FLAT;60_Diffus
28/08/2023 05:50;;90.6;91.9;0;FLAT;60_Diffus
28/08/2023 06:00;;144.6;177.1;0;FLAT;60_Diffus
28/08/2023 06:10;;224.8;280.2;0;FLAT;60_Diffus
28/08/2023 06:20;;264.8;378.5;0;FLAT;60_Diffus
28/08/2023 06:30;;280.8;429.2;0;FLAT;60_Diffus
28/08/2023 06:40;;250.8;406.7;0;FLAT;60_Diffus
28/08/2023 06:50;;187.9;250.8;0;FLAT;60_Diffus
28/08/2023 07:00;;186.9;229.6;0;FLAT;60_Diffus
28/08/2023 07:10;;335.2;450.6;0;FLAT;60_Diffus
28/08/2023 07:20;;434.8;619.2;0;FLAT;60_Diffus
28/08/2023 07:30;;482.7;660.2;0;FLAT;60_Diffus
28/08/2023 07:40;;506.9;577.5;0;FLAT;60_Diffus
28/08/2023 07:50;;418.5;448.3;0;FLAT;60_Diffus
28/08/2023 08:00;;434.4;443.3;0;FLAT;60_Diffus
28/08/2023 08:10;;354;376.9;0;FLAT;60_Diffus
28/08/2023 08:20;;585.8;660.4;0;FLAT;60_Diffus
28/08/2023 08:30;;660.2;904.8;0;FLAT;60_Diffus
28/08/2023 08:40;;618.3;1324;0;FLAT;60_Diffus
28/08/2023 08:50;;739.6;1398.1;0;FLAT;60_Diffus
28/08/2023 09:00;;691;1126.2;0;FLAT;60_Diffus
28/08/2023 09:10;;606.7;1381.5;0;FLAT;60_Diffus
28/08/2023 09:20;;608.3;1551.9;0;FLAT;60_Diffus
28/08/2023 09:30;;655.2;868.3;0;FLAT;60_Diffus
28/08/2023 09:40;;550.8;630.4;0;FLAT;60_Diffus
28/08/2023 09:50;;628.1;1136.7;0;FLAT;60_Diffus
28/08/2023 10:00;;637.7;1115.4;0;FLAT;60_Diffus
28/08/2023 10:10;;710.4;837.1;0;FLAT;60_Diffus
28/08/2023 10:20;;610.2;759.8;0;FLAT;60_Diffus
28/08/2023 10:30;;451;1471.7;0;FLAT;60_Diffus
28/08/2023 10:40;;471;1647.3;0;FLAT;60_Diffus
28/08/2023 10:50;;574.6;1116.9;0;FLAT;60_Diffus
28/08/2023 11:00;;595.8;1002.3;0;FLAT;60_Diffus
28/08/2023 11:10;;412.9;1431;0;FLAT;60_Diffus
28/08/2023 11:20;;503.3;1636.5;0;FLAT;60_Diffus
28/08/2023 11:30;;641.5;1421.5;0;FLAT;60_Diffus
28/08/2023 11:40;;640;731.7;0;FLAT;60_Diffus
28/08/2023 11:50;;561.2;1444.8;0;FLAT;60_Diffus
28/08/2023 12:00;;501;1528.3;0;FLAT;60_Diffus
28/08/2023 12:10;;567.1;1512.3;0;FLAT;60_Diffus
28/08/2023 12:20;;632.1;905.2;0;FLAT;60_Diffus
28/08/2023 12:30;;728.1;956.7;0;FLAT;60_Diffus
28/08/2023 12:40;;679.6;777.3;0;FLAT;60_Diffus
28/08/2023 12:50;;644;789;0;FLAT;60_Diffus
28/08/2023 13:00;;762.3;907.3;0;FLAT;60_Diffus
28/08/2023 13:10;;891.7;1716.7;0;FLAT;60_Diffus
28/08/2023 13:20;;691.2;1722.3;0;FLAT;60_Diffus
28/08/2023 13:30;;401.7;438.5;0;FLAT;60_Diffus
28/08/2023 13:40;;466.3;466.3;0;FLAT;60_Diffus
28/08/2023 13:50;;471;483.1;0;FLAT;60_Diffus
28/08/2023 14:00;;513.5;536.7;0;FLAT;60_Diffus
28/08/2023 14:10;;566.9;611.7;0;FLAT;60_Diffus
28/08/2023 14:20;;531;1112.9;0;FLAT;60_Diffus
28/08/2023 14:30;;451.5;1401.5;0;FLAT;60_Diffus
28/08/2023 14:40;;431.2;1331.9;0;FLAT;60_Diffus
28/08/2023 14:50;;419.6;1236.7;0;FLAT;60_Diffus
28/08/2023 15:00;;321.2;543.5;0;FLAT;60_Diffus
28/08/2023 15:10;;386.5;938.1;0;FLAT;60_Diffus
28/08/2023 15:20;;331.7;374.4;0;FLAT;60_Diffus
28/08/2023 15:30;;367.3;605;0;FLAT;60_Diffus
28/08/2023 15:40;;411.7;520.2;0;FLAT;60_Diffus
28/08/2023 15:50;;369.2;440;0;FLAT;60_Diffus
28/08/2023 16:00;;339.6;521.9;0;FLAT;60_Diffus
28/08/2023 16:10;;287.9;361.2;0;FLAT;60_Diffus
28/08/2023 16:20;;267.5;553.8;0;FLAT;60_Diffus
28/08/2023 16:30;;255.8;639.4;0;FLAT;60_Diffus
28/08/2023 16:40;;222.3;405.6;0;FLAT;60_Diffus
28/08/2023 16:50;;254.4;426.7;0;FLAT;60_Diffus
28/08/2023 17:00;;170;187.7;0;FLAT;60_Diffus
28/08/2023 17:10;;154;164.4;0;FLAT;60_Diffus
28/08/2023 17:20;;133.8;138.5;0;FLAT;60_Diffus
28/08/2023 17:30;;114.2;120.2;0;FLAT;60_Diffus
28/08/2023 17:40;;95.2;106.5;0;FLAT;60_Diffus
28/08/2023 17:50;;81.7;82.5;0;FLAT;60_Diffus
28/08/2023 18:00;;59.8;59.8;0;FLAT;60_Diffus
28/08/2023 18:10;;43.8;43.8;0;FLAT;60_Diffus
28/08/2023 18:20;;25;25;0;FLAT;60_Diffus
28/08/2023 18:30;;12.7;12.7;0;FLAT;60_Diffus
28/08/2023 18:40;;5.2;5.2;0;FLAT;60_Diffus
28/08/2023 18:50;;1.2;1.2;0;FLAT;60_Diffus
28/08/2023 19:00;;0.2;0.2;0;FLAT;60_Diffus
28/08/2023 19:10;;0;0;0;FLAT;60_Diffus
28/08/2023 19:20;;0;0;0;FLAT;60_Diffus
28/08/2023 19:30;;0;0;0;FLAT;60_Diffus
28/08/2023 19:40;;0;0;0;FLAT;60_Diffus
28/08/2023 19:50;;0;0;0;FLAT;60_Diffus
28/08/2023 20:00;;0;0;0;FLAT;60_Diffus
28/08/2023 20:10;;0;0;0;FLAT;60_Diffus
28/08/2023 20:20;;0;0;0;FLAT;60_Diffus
28/08/2023 20:30;;0;0;0;FLAT;60_Diffus
28/08/2023 20:40;;0;0;0;FLAT;60_Diffus
28/08/2023 20:50;;0;0;0;FLAT;60_Diffus
28/08/2023 21:00;;0;0;0;FLAT;60_Diffus
28/08/2023 21:10;;0;0;0;FLAT;60_Diffus
28/08/2023 21:20;;0;0;0;FLAT;60_Diffus
28/08/2023 21:30;;0;0;0;FLAT;60_Diffus
28/08/2023 21:40;;0;0;0;FLAT;60_Diffus
28/08/2023 21:50;;0;0;0;FLAT;60_Diffus
28/08/2023 22:00;;0;0;0;FLAT;60_Diffus
28/08/2023 22:10;;0;0;0;FLAT;60_Diffus
28/08/2023 22:20;;0;0;0;FLAT;60_Diffus
28/08/2023 22:30;;0;0;0;FLAT;60_Diffus
28/08/2023 22:40;;0;0;0;FLAT;60_Diffus
28/08/2023 22:50;;0;0;0;FLAT;60_Diffus
28/08/2023 23:00;;0;0;0;FLAT;60_Diffus
28/08/2023 23:10;;0;0;0;FLAT;60_Diffus
28/08/2023 23:20;;0;0;0;FLAT;60_Diffus
28/08/2023 23:30;;0;0;0;FLAT;60_Diffus
28/08/2023 23:40;;0;0;0;FLAT;60_Diffus
28/08/2023 23:50;;0;0;0;FLAT;60_Diffus
02/10/2023 00:00;;0;0;0;FLAT;100_Clear
02/10/2023 00:10;;0;0;0;FLAT;100_Clear
02/10/2023 00:20;;0;0;0;FLAT;100_Clear
02/10/2023 00:30;;0;0;0;FLAT;100_Clear
02/10/2023 00:40;;0;0;0;FLAT;100_Clear
02/10/2023 00:50;;0;0;0;FLAT;100_Clear
02/10/2023 01:00;;0;0;0;FLAT;100_Clear
02/10/2023 01:10;;0;0;0;FLAT;100_Clear
02/10/2023 01:20;;0;0;0;FLAT;100_Clear
02/10/2023 01:30;;0;0;0;FLAT;100_Clear
02/10/2023 01:40;;0;0;0;FLAT;100_Clear
02/10/2023 01:50;;0;0;0;FLAT;100_Clear
02/10/2023 02:00;;0;0;0;FLAT;100_Clear
02/10/2023 02:10;;0;0;0;FLAT;100_Clear
02/10/2023 02:20;;0;0;0;FLAT;100_Clear
02/10/2023 02:30;;0;0;0;FLAT;100_Clear
02/10/2023 02:40;;0;0;0;FLAT;100_Clear
02/10/2023 02:50;;0;0;0;FLAT;100_Clear
02/10/2023 03:00;;0;0;0;FLAT;100_Clear
02/10/2023 03:10;;0;0;0;FLAT;100_Clear
02/10/2023 03:20;;0;0;0;FLAT;100_Clear
02/10/2023 03:30;;0;0;0;FLAT;100_Clear
02/10/2023 03:40;;0;0;0;FLAT;100_Clear
02/10/2023 03:50;;0;0;0;FLAT;100_Clear
02/10/2023 04:00;;0;0;0;FLAT;100_Clear
02/10/2023 04:10;;0;0;0;FLAT;100_Clear
02/10/2023 04:20;;0;0;0;FLAT;100_Clear
02/10/2023 04:30;;0;0;0;FLAT;100_Clear
02/10/2023 04:40;;0;0;0;FLAT;100_Clear
02/10/2023 04:50;;0;0;0;FLAT;100_Clear
02/10/2023 05:00;;0;0;0;FLAT;100_Clear
02/10/2023 05:10;;0;0;0;FLAT;100_Clear
02/10/2023 05:20;;0.2;0.2;0;FLAT;100_Clear
02/10/2023 05:30;;1.7;1.7;0;FLAT;100_Clear
02/10/2023 05:40;;6.7;6.7;0;FLAT;100_Clear
02/10/2023 05:50;;17.7;17.7;0;FLAT;100_Clear
02/10/2023 06:00;;35;35;0;FLAT;100_Clear
02/10/2023 06:10;;58.1;60.4;0;FLAT;100_Clear
02/10/2023 06:20;;79.6;95.6;0;FLAT;100_Clear
02/10/2023 06:30;;98.8;136.7;0;FLAT;100_Clear
02/10/2023 06:40;;119.8;182.5;0;FLAT;100_Clear
02/10/2023 06:50;;140;233.5;0;FLAT;100_Clear
02/10/2023 07:00;;158.3;291.7;0;FLAT;100_Clear
02/10/2023 07:10;;160.4;311.7;0;FLAT;100_Clear
02/10/2023 07:20;;173.5;365;0;FLAT;100_Clear
02/10/2023 07:30;;184.4;427.3;0;FLAT;100_Clear
02/10/2023 07:40;;184.8;386.7;0;FLAT;100_Clear
02/10/2023 07:50;;207.7;472.9;0;FLAT;100_Clear
02/10/2023 08:00;;236.9;632.3;0;FLAT;100_Clear
02/10/2023 08:10;;243.5;685.4;0;FLAT;100_Clear
02/10/2023 08:20;;230.8;635.2;0;FLAT;100_Clear
02/10/2023 08:30;;226.7;657.7;0;FLAT;100_Clear
02/10/2023 08:40;;224.4;739.8;0;FLAT;100_Clear
02/10/2023 08:50;;207.9;786.2;0;FLAT;100_Clear
02/10/2023 09:00;;203.3;831.7;0;FLAT;100_Clear
02/10/2023 09:10;;224.8;887.3;0;FLAT;100_Clear
02/10/2023 09:20;;227.9;891.9;0;FLAT;100_Clear
02/10/2023 09:30;;259.2;963.1;0;FLAT;100_Clear
02/10/2023 09:40;;297.3;916.7;0;FLAT;100_Clear
02/10/2023 09:50;;361.7;1011.2;0;FLAT;100_Clear
02/10/2023 10:00;;381.2;988.8;0;FLAT;100_Clear
02/10/2023 10:10;;386.5;983.1;0;FLAT;100_Clear
02/10/2023 10:20;;420.6;1087.9;0;FLAT;100_Clear
02/10/2023 10:30;;413.1;1028.8;0;FLAT;100_Clear
02/10/2023 10:40;;416.7;1116;0;FLAT;100_Clear
02/10/2023 10:50;;397.9;1042.1;0;FLAT;100_Clear
02/10/2023 11:00;;400.2;1111.2;0;FLAT;100_Clear
02/10/2023 11:10;;366.7;1139.2;0;FLAT;100_Clear
02/10/2023 11:20;;331.2;1045.6;0;FLAT;100_Clear
02/10/2023 11:30;;374.8;1234.2;0;FLAT;100_Clear
02/10/2023 11:40;;372.9;1278.8;0;FLAT;100_Clear
02/10/2023 11:50;;311.9;1157.1;0;FLAT;100_Clear
02/10/2023 12:00;;355.8;1026.7;0;FLAT;100_Clear
02/10/2023 12:10;;396.2;1089.6;0;FLAT;100_Clear
02/10/2023 12:20;;339.8;1018.3;0;FLAT;100_Clear
02/10/2023 12:30;;268.5;1254.6;0;FLAT;100_Clear
02/10/2023 12:40;;217.3;1208.3;0;FLAT;100_Clear
02/10/2023 12:50;;209.6;1181.9;0;FLAT;100_Clear
02/10/2023 13:00;;219.2;1134.4;0;FLAT;100_Clear
02/10/2023 13:10;;247.9;1163.1;0;FLAT;100_Clear
02/10/2023 13:20;;270;1032.7;0;FLAT;100_Clear
02/10/2023 13:30;;267.1;1101.7;0;FLAT;100_Clear
02/10/2023 13:40;;237.7;1032.9;0;FLAT;100_Clear
02/10/2023 13:50;;223.1;1033.1;0;FLAT;100_Clear
02/10/2023 14:10;;217.9;886.7;0;FLAT;100_Clear
02/10/2023 14:20;;216;921;0;FLAT;100_Clear
02/10/2023 14:30;;196.2;857.9;0;FLAT;100_Clear
02/10/2023 14:40;;187.1;807.5;0;FLAT;100_Clear
02/10/2023 14:50;;175.8;760.2;0;FLAT;100_Clear
02/10/2023 15:00;;170;709;0;FLAT;100_Clear
02/10/2023 15:10;;160.8;655.2;0;FLAT;100_Clear
02/10/2023 15:20;;151.5;604.4;0;FLAT;100_Clear
02/10/2023 15:30;;141.9;549;0;FLAT;100_Clear
02/10/2023 15:40;;134;491;0;FLAT;100_Clear
02/10/2023 15:50;;127.3;434.2;0;FLAT;100_Clear
02/10/2023 16:00;;119.4;377.7;0;FLAT;100_Clear
02/10/2023 16:10;;110.2;319.4;0;FLAT;100_Clear
02/10/2023 16:20;;99.8;256.9;0;FLAT;100_Clear
02/10/2023 16:30;;87.9;199.4;0;FLAT;100_Clear
02/10/2023 16:40;;73.3;141;0;FLAT;100_Clear
02/10/2023 16:50;;54.2;77.9;0;FLAT;100_Clear
02/10/2023 17:00;;33.1;39.8;0;FLAT;100_Clear
02/10/2023 17:10;;19.2;21.2;0;FLAT;100_Clear
02/10/2023 17:20;;9.2;10;0;FLAT;100_Clear
02/10/2023 17:30;;3.5;3.5;0;FLAT;100_Clear
02/10/2023 17:40;;0.8;0.8;0;FLAT;100_Clear
02/10/2023 17:50;;0;0;0;FLAT;100_Clear
02/10/2023 18:00;;0;0;0;FLAT;100_Clear
02/10/2023 18:10;;0;0;0;FLAT;100_Clear
02/10/2023 18:20;;0;0;0;FLAT;100_Clear
02/10/2023 18:30;;0;0;0;FLAT;100_Clear
02/10/2023 18:40;;0;0;0;FLAT;100_Clear
02/10/2023 18:50;;0;0;0;FLAT;100_Clear
02/10/2023 19:00;;0;0;0;FLAT;100_Clear
02/10/2023 19:10;;0;0;0;FLAT;100_Clear
02/10/2023 19:20;;0;0;0;FLAT;100_Clear
02/10/2023 19:30;;0;0;0;FLAT;100_Clear
02/10/2023 19:40;;0;0;0;FLAT;100_Clear
02/10/2023 19:50;;0;0;0;FLAT;100_Clear
02/10/2023 20:00;;0;0;0;FLAT;100_Clear
02/10/2023 20:10;;0;0;0;FLAT;100_Clear
02/10/2023 20:20;;0;0;0;FLAT;100_Clear
02/10/2023 20:30;;0;0;0;FLAT;100_Clear
02/10/2023 20:40;;0;0;0;FLAT;100_Clear
02/10/2023 20:50;;0;0;0;FLAT;100_Clear
02/10/2023 21:00;;0;0;0;FLAT;100_Clear
02/10/2023 21:10;;0;0;0;FLAT;100_Clear
02/10/2023 21:20;;0;0;0;FLAT;100_Clear
02/10/2023 21:30;;0;0;0;FLAT;100_Clear
02/10/2023 21:40;;0;0;0;FLAT;100_Clear
02/10/2023 21:50;;0;0;0;FLAT;100_Clear
02/10/2023 22:00;;0;0;0;FLAT;100_Clear
02/10/2023 22:10;;0;0;0;FLAT;100_Clear
02/10/2023 22:20;;0;0;0;FLAT;100_Clear
02/10/2023 22:30;;0;0;0;FLAT;100_Clear
02/10/2023 22:40;;0;0;0;FLAT;100_Clear
02/10/2023 22:50;;0;0;0;FLAT;100_Clear
02/10/2023 23:00;;0;0;0;FLAT;100_Clear
02/10/2023 23:10;;0;0;0;FLAT;100_Clear
02/10/2023 23:20;;0;0;0;FLAT;100_Clear
02/10/2023 23:30;;0;0;0;FLAT;100_Clear
02/10/2023 23:40;;0;0;0;FLAT;100_Clear
02/10/2023 23:50;;0;0;0;FLAT;100_Clear
04/10/2023 00:00;;0;0;0;FLAT;100_Clear
04/10/2023 00:10;;0;0;0;FLAT;100_Clear
04/10/2023 00:20;;0;0;0;FLAT;100_Clear
04/10/2023 00:30;;0;0;0;FLAT;100_Clear
04/10/2023 00:40;;0;0;0;FLAT;100_Clear
04/10/2023 00:50;;0;0;0;FLAT;100_Clear
04/10/2023 01:00;;0;0;0;FLAT;100_Clear
04/10/2023 01:10;;0;0;0;FLAT;100_Clear
04/10/2023 01:20;;0;0;0;FLAT;100_Clear
04/10/2023 01:30;;0;0;0;FLAT;100_Clear
04/10/2023 01:40;;0;0;0;FLAT;100_Clear
04/10/2023 01:50;;0;0;0;FLAT;100_Clear
04/10/2023 02:00;;0;0;0;FLAT;100_Clear
04/10/2023 02:10;;0;0;0;FLAT;100_Clear
04/10/2023 02:20;;0;0;0;FLAT;100_Clear
04/10/2023 02:30;;0;0;0;FLAT;100_Clear
04/10/2023 02:40;;0;0;0;FLAT;100_Clear
04/10/2023 02:50;;0;0;0;FLAT;100_Clear
04/10/2023 03:00;;0;0;0;FLAT;100_Clear
04/10/2023 03:10;;0;0;0;FLAT;100_Clear
04/10/2023 03:20;;0;0;0;FLAT;100_Clear
04/10/2023 03:30;;0;0;0;FLAT;100_Clear
04/10/2023 03:40;;0;0;0;FLAT;100_Clear
04/10/2023 03:50;;0;0;0;FLAT;100_Clear
04/10/2023 04:00;;0;0;0;FLAT;100_Clear
04/10/2023 04:10;;0;0;0;FLAT;100_Clear
04/10/2023 04:20;;0;0;0;FLAT;100_Clear
04/10/2023 04:30;;0;0;0;FLAT;100_Clear
04/10/2023 04:40;;0;0;0;FLAT;100_Clear
04/10/2023 04:50;;0;0;0;FLAT;100_Clear
04/10/2023 05:00;;0;0;0;FLAT;100_Clear
04/10/2023 05:10;;0;0;0;FLAT;100_Clear
04/10/2023 05:20;;0;0;0;FLAT;100_Clear
04/10/2023 05:30;;0.8;0.8;0;FLAT;100_Clear
04/10/2023 05:40;;4.2;4.2;0;FLAT;100_Clear
04/10/2023 05:50;;12.3;12.3;0;FLAT;100_Clear
04/10/2023 06:00;;26.2;26.2;0;FLAT;100_Clear
04/10/2023 06:10;;47.7;47.7;0;FLAT;100_Clear
04/10/2023 06:20;;73.5;73.5;0;FLAT;100_Clear
04/10/2023 06:30;;103.1;106.2;0;FLAT;100_Clear
04/10/2023 06:40;;129.6;149.8;0;FLAT;100_Clear
04/10/2023 06:50;;165;191.5;0;FLAT;100_Clear
04/10/2023 07:00;;180.8;275.4;0;FLAT;100_Clear
04/10/2023 07:10;;233.1;346.2;0;FLAT;100_Clear
04/10/2023 07:20;;279.8;350;0;FLAT;100_Clear
04/10/2023 07:30;;237.9;308.8;0;FLAT;100_Clear
04/10/2023 07:40;;251.2;421.2;0;FLAT;100_Clear
04/10/2023 07:50;;290.4;491.9;0;FLAT;100_Clear
04/10/2023 08:00;;320.4;557.9;0;FLAT;100_Clear
04/10/2023 08:10;;342.5;551.3;0;FLAT;100_Clear
04/10/2023 08:20;;384.6;599.8;0;FLAT;100_Clear
04/10/2023 08:30;;414.2;613.8;0;FLAT;100_Clear
04/10/2023 08:40;;425.6;605.4;0;FLAT;100_Clear
04/10/2023 08:50;;433.3;622.9;0;FLAT;100_Clear
04/10/2023 09:00;;469.8;702.1;0;FLAT;100_Clear
04/10/2023 09:10;;490.6;668.1;0;FLAT;100_Clear
04/10/2023 09:20;;524.8;697.7;0;FLAT;100_Clear
04/10/2023 09:30;;548.8;704.2;0;FLAT;100_Clear
04/10/2023 09:40;;561.9;688.3;0;FLAT;100_Clear
04/10/2023 09:50;;587.9;694.4;0;FLAT;100_Clear
04/10/2023 10:00;;607.7;676;0;FLAT;100_Clear
04/10/2023 10:10;;618.8;651.3;0;FLAT;100_Clear
04/10/2023 10:20;;640;742.3;0;FLAT;100_Clear
04/10/2023 10:30;;646;775;0;FLAT;100_Clear
04/10/2023 10:40;;624;742.9;0;FLAT;100_Clear
04/10/2023 10:50;;609;726;0;FLAT;100_Clear
04/10/2023 11:00;;606.2;824.4;0;FLAT;100_Clear
04/10/2023 11:10;;634.8;868.3;0;FLAT;100_Clear
04/10/2023 11:20;;610.8;759;0;FLAT;100_Clear
04/10/2023 11:30;;604.8;758.3;0;FLAT;100_Clear
04/10/2023 11:40;;634;879;0;FLAT;100_Clear
04/10/2023 11:50;;608.3;800.4;0;FLAT;100_Clear
04/10/2023 12:00;;573.1;811.2;0;FLAT;100_Clear
04/10/2023 12:10;;542.7;848.8;0;FLAT;100_Clear
04/10/2023 12:20;;531.9;884.8;0;FLAT;100_Clear
04/10/2023 12:30;;527.9;809.6;0;FLAT;100_Clear
04/10/2023 12:40;;494.4;802.7;0;FLAT;100_Clear
04/10/2023 12:50;;457.5;791.5;0;FLAT;100_Clear
04/10/2023 13:00;;465.2;820.4;0;FLAT;100_Clear
04/10/2023 13:10;;469.6;592.1;0;FLAT;100_Clear
04/10/2023 13:20;;517.3;586.2;0;FLAT;100_Clear
04/10/2023 13:30;;507.3;627.5;0;FLAT;100_Clear
04/10/2023 13:40;;447.1;795;0;FLAT;100_Clear
04/10/2023 13:50;;360.2;873.1;0;FLAT;100_Clear
04/10/2023 14:00;;318.5;750.4;0;FLAT;100_Clear
04/10/2023 14:10;;320.8;509.4;0;FLAT;100_Clear
04/10/2023 14:20;;287.5;771;0;FLAT;100_Clear
04/10/2023 14:30;;247.5;788.3;0;FLAT;100_Clear
04/10/2023 14:40;;234.6;739.4;0;FLAT;100_Clear
04/10/2023 14:50;;222.3;645.4;0;FLAT;100_Clear
04/10/2023 15:00;;217.3;582.5;0;FLAT;100_Clear
04/10/2023 15:10;;219.2;561;0;FLAT;100_Clear
04/10/2023 15:20;;208.3;522.1;0;FLAT;100_Clear
04/10/2023 15:30;;195.4;491.3;0;FLAT;100_Clear
04/10/2023 15:40;;150.8;278.5;0;FLAT;100_Clear
04/10/2023 15:50;;154.6;224.8;0;FLAT;100_Clear
04/10/2023 16:00;;158.5;220.2;0;FLAT;100_Clear
04/10/2023 16:10;;138.8;174.2;0;FLAT;100_Clear
04/10/2023 16:20;;122.5;149.6;0;FLAT;100_Clear
04/10/2023 16:30;;107.1;125.8;0;FLAT;100_Clear
04/10/2023 16:40;;80.8;96.9;0;FLAT;100_Clear
04/10/2023 16:50;;61.5;74;0;FLAT;100_Clear
04/10/2023 17:00;;35;37.9;0;FLAT;100_Clear
04/10/2023 17:10;;15.6;15.8;0;FLAT;100_Clear
04/10/2023 17:20;;5.8;5.8;0;FLAT;100_Clear
04/10/2023 17:30;;1.7;1.7;0;FLAT;100_Clear
04/10/2023 17:40;;0.2;0.2;0;FLAT;100_Clear
04/10/2023 17:50;;0;0;0;FLAT;100_Clear
04/10/2023 18:00;;0;0;0;FLAT;100_Clear
04/10/2023 18:10;;0;0;0;FLAT;100_Clear
04/10/2023 18:20;;0;0;0;FLAT;100_Clear
04/10/2023 18:30;;0;0;0;FLAT;100_Clear
04/10/2023 18:40;;0;0;0;FLAT;100_Clear
04/10/2023 18:50;;0;0;0;FLAT;100_Clear
04/10/2023 19:00;;0;0;0;FLAT;100_Clear
04/10/2023 19:10;;0;0;0;FLAT;100_Clear
04/10/2023 19:20;;0;0;0;FLAT;100_Clear
04/10/2023 19:30;;0;0;0;FLAT;100_Clear
04/10/2023 19:40;;0;0;0;FLAT;100_Clear
04/10/2023 19:50;;0;0;0;FLAT;100_Clear
04/10/2023 20:00;;0;0;0;FLAT;100_Clear
04/10/2023 20:10;;0;0;0;FLAT;100_Clear
04/10/2023 20:20;;0;0;0;FLAT;100_Clear
04/10/2023 20:30;;0;0;0;FLAT;100_Clear
04/10/2023 20:40;;0;0;0;FLAT;100_Clear
04/10/2023 20:50;;0;0;0;FLAT;100_Clear
04/10/2023 21:00;;0;0;0;FLAT;100_Clear
04/10/2023 21:10;;0;0;0;FLAT;100_Clear
04/10/2023 21:20;;0;0;0;FLAT;100_Clear
04/10/2023 21:30;;0;0;0;FLAT;100_Clear
04/10/2023 21:40;;0;0;0;FLAT;100_Clear
04/10/2023 21:50;;0;0;0;FLAT;100_Clear
04/10/2023 22:00;;0;0;0;FLAT;100_Clear
04/10/2023 22:10;;0;0;0;FLAT;100_Clear
04/10/2023 22:20;;0;0;0;FLAT;100_Clear
04/10/2023 22:30;;0;0;0;FLAT;100_Clear
04/10/2023 22:40;;0;0;0;FLAT;100_Clear
04/10/2023 22:50;;0;0;0;FLAT;100_Clear
04/10/2023 23:00;;0;0;0;FLAT;100_Clear
04/10/2023 23:10;;0;0;0;FLAT;100_Clear
04/10/2023 23:20;;0;0;0;FLAT;100_Clear
04/10/2023 23:30;;0;0;0;FLAT;100_Clear
04/10/2023 23:40;;0;0;0;FLAT;100_Clear
04/10/2023 23:50;;0;0;0;FLAT;100_Clear
14/10/2023 00:00;;0;0;0;FLAT;100_Diffus
14/10/2023 00:10;;0;0;0;FLAT;100_Diffus
14/10/2023 00:20;;0;0;0;FLAT;100_Diffus
14/10/2023 00:30;;0;0;0;FLAT;100_Diffus
14/10/2023 00:40;;0;0;0;FLAT;100_Diffus
14/10/2023 00:50;;0;0;0;FLAT;100_Diffus
14/10/2023 01:00;;0;0;0;FLAT;100_Diffus
14/10/2023 01:10;;0;0;0;FLAT;100_Diffus
14/10/2023 01:20;;0;0;0;FLAT;100_Diffus
14/10/2023 01:30;;0;0;0;FLAT;100_Diffus
14/10/2023 01:40;;0;0;0;FLAT;100_Diffus
14/10/2023 02:00;;0;0;0;FLAT;100_Diffus
14/10/2023 02:10;;0;0;0;FLAT;100_Diffus
14/10/2023 02:20;;0;0;0;FLAT;100_Diffus
14/10/2023 02:30;;0;0;0;FLAT;100_Diffus
14/10/2023 02:40;;0;0;0;FLAT;100_Diffus
14/10/2023 02:50;;0;0;0;FLAT;100_Diffus
14/10/2023 03:00;;0;0;0;FLAT;100_Diffus
14/10/2023 03:10;;0;0;0;FLAT;100_Diffus
14/10/2023 03:20;;0;0;0;FLAT;100_Diffus
14/10/2023 03:30;;0;0;0;FLAT;100_Diffus
14/10/2023 03:40;;0;0;0;FLAT;100_Diffus
14/10/2023 03:50;;0;0;0;FLAT;100_Diffus
14/10/2023 04:00;;0;0;0;FLAT;100_Diffus
14/10/2023 04:10;;0;0;0;FLAT;100_Diffus
14/10/2023 04:20;;0;0;0;FLAT;100_Diffus
14/10/2023 04:30;;0;0;0;FLAT;100_Diffus
14/10/2023 04:40;;0;0;0;FLAT;100_Diffus
14/10/2023 04:50;;0;0;0;FLAT;100_Diffus
14/10/2023 05:00;;0;0;0;FLAT;100_Diffus
14/10/2023 05:10;;0;0;0;FLAT;100_Diffus
14/10/2023 05:20;;0;0;0;FLAT;100_Diffus
14/10/2023 05:30;;0;0;0;FLAT;100_Diffus
14/10/2023 05:40;;0.2;0.2;0;FLAT;100_Diffus
14/10/2023 05:50;;1.7;1.7;0;FLAT;100_Diffus
14/10/2023 06:00;;6;6;0;FLAT;100_Diffus
14/10/2023 06:10;;13.8;13.8;0;FLAT;100_Diffus
14/10/2023 06:20;;26.7;26.7;0;FLAT;100_Diffus
14/10/2023 06:30;;42.3;42.3;0;FLAT;100_Diffus
14/10/2023 06:40;;61.9;61.9;0;FLAT;100_Diffus
14/10/2023 06:50;;82.1;82.1;0;FLAT;100_Diffus
14/10/2023 07:00;;95.8;95.8;0;FLAT;100_Diffus
14/10/2023 07:10;;132.5;132.5;0;FLAT;100_Diffus
14/10/2023 07:20;;176.7;176.7;0;FLAT;100_Diffus
14/10/2023 07:30;;196.7;196.7;0;FLAT;100_Diffus
14/10/2023 07:40;;201.9;201.9;0;FLAT;100_Diffus
14/10/2023 07:50;;221.5;221.5;0;FLAT;100_Diffus
14/10/2023 08:00;;252.7;252.7;0;FLAT;100_Diffus
14/10/2023 08:10;;270.8;270.8;0;FLAT;100_Diffus
14/10/2023 08:20;;296.5;296.5;0;FLAT;100_Diffus
14/10/2023 08:30;;333.1;333.1;0;FLAT;100_Diffus
14/10/2023 08:40;;337.5;337.5;0;FLAT;100_Diffus
14/10/2023 08:50;;390.4;390.4;0;FLAT;100_Diffus
14/10/2023 09:00;;402.3;402.3;0;FLAT;100_Diffus
14/10/2023 09:10;;464.8;464.8;0;FLAT;100_Diffus
14/10/2023 09:20;;532.3;584;0;FLAT;100_Diffus
14/10/2023 09:30;;470.4;610;0;FLAT;100_Diffus
14/10/2023 09:40;;305.6;601.3;0;FLAT;100_Diffus
14/10/2023 09:50;;259;793.8;0;FLAT;100_Diffus
14/10/2023 10:00;;251.7;859;0;FLAT;100_Diffus
14/10/2023 10:10;;238.5;983.8;0;FLAT;100_Diffus
14/10/2023 10:20;;242.1;874.2;0;FLAT;100_Diffus
14/10/2023 10:30;;255.6;815.8;0;FLAT;100_Diffus
14/10/2023 10:40;;333.1;944.6;0;FLAT;100_Diffus
14/10/2023 10:50;;383.3;638.5;0;FLAT;100_Diffus
14/10/2023 11:00;;399.2;404.4;0;FLAT;100_Diffus
14/10/2023 11:10;;346.2;436.7;0;FLAT;100_Diffus
14/10/2023 11:20;;184.6;186.3;0;FLAT;100_Diffus
14/10/2023 11:30;;159.8;159.8;0;FLAT;100_Diffus
14/10/2023 11:40;;240.8;240.8;0;FLAT;100_Diffus
14/10/2023 11:50;;314;314;0;FLAT;100_Diffus
14/10/2023 12:00;;412.5;412.5;0;FLAT;100_Diffus
14/10/2023 12:10;;487.7;517.9;0;FLAT;100_Diffus
14/10/2023 12:20;;355.4;365.8;0;FLAT;100_Diffus
14/10/2023 12:30;;210.4;212.3;0;FLAT;100_Diffus
14/10/2023 12:40;;312.1;312.1;0;FLAT;100_Diffus
14/10/2023 12:50;;448.1;449.4;0;FLAT;100_Diffus
14/10/2023 13:00;;438.3;454;0;FLAT;100_Diffus
14/10/2023 13:10;;241.5;242.7;0;FLAT;100_Diffus
14/10/2023 13:20;;338.3;338.3;0;FLAT;100_Diffus
14/10/2023 13:30;;452.1;455.6;0;FLAT;100_Diffus
14/10/2023 13:40;;515.8;536.9;0;FLAT;100_Diffus
14/10/2023 13:50;;494.8;614.6;0;FLAT;100_Diffus
14/10/2023 14:00;;480.2;639.2;0;FLAT;100_Diffus
14/10/2023 14:20;;86.5;87.7;0;FLAT;100_Diffus
14/10/2023 14:30;;156;170.8;0;FLAT;100_Diffus
14/10/2023 14:40;;319.6;331;0;FLAT;100_Diffus
14/10/2023 14:50;;275.8;283.3;0;FLAT;100_Diffus
14/10/2023 15:00;;285;311.7;0;FLAT;100_Diffus
14/10/2023 15:10;;221.5;229.8;0;FLAT;100_Diffus
14/10/2023 15:20;;190.2;201.5;0;FLAT;100_Diffus
14/10/2023 15:30;;196.7;216.7;0;FLAT;100_Diffus
14/10/2023 15:40;;189.4;199.8;0;FLAT;100_Diffus
14/10/2023 15:50;;166;222.3;0;FLAT;100_Diffus
14/10/2023 16:00;;108.5;140.6;0;FLAT;100_Diffus
14/10/2023 16:10;;83.5;87.3;0;FLAT;100_Diffus
14/10/2023 16:20;;61.2;62.5;0;FLAT;100_Diffus
14/10/2023 16:30;;43.8;43.8;0;FLAT;100_Diffus
14/10/2023 16:40;;29;29;0;FLAT;100_Diffus
14/10/2023 16:50;;17.3;17.3;0;FLAT;100_Diffus
14/10/2023 17:00;;6.9;6.9;0;FLAT;100_Diffus
14/10/2023 17:10;;1.9;1.9;0;FLAT;100_Diffus
14/10/2023 17:20;;0.2;0.2;0;FLAT;100_Diffus
14/10/2023 17:30;;0;0;0;FLAT;100_Diffus
14/10/2023 17:40;;0;0;0;FLAT;100_Diffus
14/10/2023 17:50;;0;0;0;FLAT;100_Diffus
14/10/2023 18:00;;0;0;0;FLAT;100_Diffus
14/10/2023 18:10;;0;0;0;FLAT;100_Diffus
14/10/2023 18:20;;0;0;0;FLAT;100_Diffus
14/10/2023 18:30;;0;0;0;FLAT;100_Diffus
14/10/2023 18:40;;0;0;0;FLAT;100_Diffus
14/10/2023 18:50;;0;0;0;FLAT;100_Diffus
14/10/2023 19:00;;0;0;0;FLAT;100_Diffus
14/10/2023 19:10;;0;0;0;FLAT;100_Diffus
14/10/2023 19:20;;0;0;0;FLAT;100_Diffus
14/10/2023 19:30;;0;0;0;FLAT;100_Diffus
14/10/2023 19:40;;0;0;0;FLAT;100_Diffus
14/10/2023 19:50;;0;0;0;FLAT;100_Diffus
14/10/2023 20:00;;0;0;0;FLAT;100_Diffus
14/10/2023 20:10;;0;0;0;FLAT;100_Diffus
14/10/2023 20:20;;0;0;0;FLAT;100_Diffus
14/10/2023 20:30;;0;0;0;FLAT;100_Diffus
14/10/2023 20:40;;0;0;0;FLAT;100_Diffus
14/10/2023 20:50;;0;0;0;FLAT;100_Diffus
14/10/2023 21:00;;0;0;0;FLAT;100_Diffus
14/10/2023 21:10;;0;0;0;FLAT;100_Diffus
14/10/2023 21:20;;0;0;0;FLAT;100_Diffus
14/10/2023 21:30;;0;0;0;FLAT;100_Diffus
14/10/2023 21:40;;0;0;0;FLAT;100_Diffus
14/10/2023 21:50;;0;0;0;FLAT;100_Diffus
14/10/2023 22:00;;0;0;0;FLAT;100_Diffus
14/10/2023 22:10;;0;0;0;FLAT;100_Diffus
14/10/2023 22:20;;0;0;0;FLAT;100_Diffus
14/10/2023 22:30;;0;0;0;FLAT;100_Diffus
14/10/2023 22:40;;0;0;0;FLAT;100_Diffus
14/10/2023 22:50;;0;0;0;FLAT;100_Diffus
14/10/2023 23:00;;0;0;0;FLAT;100_Diffus
14/10/2023 23:10;;0;0;0;FLAT;100_Diffus
14/10/2023 23:20;;0;0;0;FLAT;100_Diffus
14/10/2023 23:30;;0;0;0;FLAT;100_Diffus
14/10/2023 23:40;;0;0;0;FLAT;100_Diffus
14/10/2023 23:50;;0;0;0;FLAT;100_Diffus
